ID,Treatment,Date,Day,Month,Year,N,YrCol,Araneae,Acari,Curculionidae,Staphylinidae,Anthicidae,Erotylidae,Cryptophagidae,Latridiidae,Coccinellidae,Lampyridae,Chrysomelidae,Nitidulidae,Coccinellidae.Larvae,Erotylidae.Larvae,Collembola,Cecidomyiidae,Phoridae,Ceratopogonidae,Chironomidae,Culicidae,Chaoboridae,Dolichopodidae,Empididae,Psychodidae,Ephydridae,Carnidae,Sciomyzidae,Ulidiidae,Chloropidae,Agromyzidae,Drosophilidae,Muscidae,Anthomyiidae,Calliphoridae,Stratiomyidae,Tabanidae,Tipulidae,Dixidae,Syrphidae,Caenidae,Pteromalidae,Eulophidae,Aphelinidae,Ceraphronidae,Scelionidae,Platygastridae,Braconidae,Ichneumonidae,Formicidae,Diapriidae,Sphecidae,Crabronidae,Mymaridae,Aphididae,Cicadellidae,Anthocoridae,Miridae,Hemerobiidae,Libellulidae,Lestidae,Coenagrionidae,Thysanoptera,Hydroptilidae,Leptoceridae,Molannidae,Polycentropodidae,Phryganeidae,Limnephilidae,Psocoptera,Cosmopterigidae,Gracillariidae,Noctuidae,Crambidae
IN1,Invaded,19-Jun-17,19,Jun,17,Col._1,2017Col._1,0.014084507,0,0,0,0,0,0,0,0,0,0,0,0,0,0,0.5,0.090909091,0.004222973,0.015242243,0.018518519,0,0.181818182,0,0,0,0,0,0,0.2,0,0.333333333,0.428571429,0,0,0,0,0.333333333,0,0,0,0,0.116883117,0,0,0.090909091,0,0,0,0,0,0,0,0,0.001733102,0,0,0,0.5,0,0,0,0,0,0.060606061,0,0,0,0,0,0,0,0,0
IN2,Invaded,19-Jun-17,19,Jun,17,Col._1,2017Col._1,0.014084507,0,0,0.5,0,0.2,0,0,0,0,0.25,0,0,0,0,0,0,0,0.024496462,0.037037037,0,0.909090909,0,1,0.071428571,1,0,1,0,0,0,1,0,0,0,0,0,0,0.333333333,0,0,0.019480519,0,0,0,0,0,0,0,0.5,0,0,0,0,0,0,0,0.5,0,0,0.027777778,0,0,0.03030303,0,0,0,0,0,0,0,0,0
IN3,Invaded,19-Jun-17,19,Jun,17,Col._1,2017Col._1,0,0,0,0,0,0,0,0,0,0,0,0,0,0,0,0,0,0.005912162,0.009254219,0,0,0.454545455,0,0,0,0.333333333,0,0,0.2,0,0,0,0,0,0,0,0,0,0,0,0,0.097402597,0,0,0,0,0,0,0,0,0,0,0,0,0,0,0,0,0,0,0,0,0.025974026,0.03030303,0,0,0,0,0,0,0,0,0
IN5,Invaded,19-Jun-17,19,Jun,17,Col._1,2017Col._1,0,0.137931034,0.5,0,0,0.4,0,0,0.2,0,0,0,0,0,0,0,0,0.003378378,0.12357104,0,0,0.272727273,0,0,0.142857143,0.333333333,0,0.5,0.8,0,0.333333333,0,0,0,0,0,0,1,0,0.038461538,0,1,0,0,0.272727273,0,0.4,0,0,0,0,0,0,0.005199307,0,0,0,1,0,0,0,0,0,0.03030303,0,0,0,0,0,0,0,0,0
IN6,Invaded,19-Jun-17,19,Jun,17,Col._1,2017Col._1,0,1,0,0,0,0,0,0,0,0,0,0,0,0,0,0,0,0,0.003810561,0.037037037,0,0.090909091,0,0,0,0.666666667,0,0,0,0,0,0.142857143,0,0,0,0,0,0,0,0,0,0.032467532,0,0,0,0,0,0,0,0,0,0,0,0,0,0,0,0,0,0,0.027777778,0,0,0,0,0,0,0,0,0,0,0,0
IN7,Invaded,19-Jun-17,19,Jun,17,Col._1,2017Col._1,0,0,0,0,0,0,0,0,0.2,0,1,0,0,0,0,0,0,0.013513514,0.035383778,0,0,0.090909091,0,0.5,0,0,0,0,0.2,0,0,0,0,0,0,0,0,0,0,0.076923077,0.75,0.142857143,0,0,1,0,0.2,0,0,0,0,0,0,0.000866551,0,0,0.5,0,0,0,0,0,0,0.03030303,0,0,0,0,0,0,0,0,0
IN8,Invaded,19-Jun-17,19,Jun,17,Col._1,2017Col._1,0.056338028,0,0,0,0,0.4,0,0,0,0,0,0,0,0,0,0,0.090909091,0,0.014697877,0,0,0,0,0,0.142857143,0,0,0,0,0,0,0,0,0,0,0,0,0,0,0,0,0.038961039,0,0,0,0,0,0,0,0,0,0,0,0.000866551,0,0,0,0,0,0,0,0,0,0,0,0,0,0,0,0,0,0,0
INOW,Invaded,19-Jun-17,19,Jun,17,Col._1,2017Col._1,0,0,0,0,0,0,0,0,0,0,0,0,0,0,0,0,0,0,0.012520414,0,0,0,0,0,0,0,0,0,0,0,0,0,0,0,0,0,0,0,0,0,0,0.019480519,0,0,0,0,0,0,0,0,0,0,0,0,0,0,0,0,0,0,0,0,0.051948052,0.03030303,0.142857143,0,0,0,0,0,0,0,0
RES1,Treated,19-Jun-17,19,Jun,17,Col._1,2017Col._1,0.014084507,0,0,0,0,0,0.5,0,0,0,0,0,0,0,0,0,0,0.000844595,0.051714752,0,0,0,0,0,0,0,0,0,0,0,0,0,0,0,0,0,0,0,0,0,0,0,0,0,0,0,0,0,0,0,0,0,0,0,0,0,0,0,0,0,0,0,0,0.03030303,0,0,0,0,0,0,0,0,0
RES3,Treated,19-Jun-17,19,Jun,17,Col._1,2017Col._1,0,0,0,0,0,0,0,0,0,0,0,0,0,0,0,0,0,0.000844595,0.313554709,0,0,0,0,0,0,0,0,0,0,0,0,0,0,0,0,0,0,0,0,0,0,0.006493506,0,0,0,0,0,0,0,0,0,0,0,0,0,0,0,0,0,0,0,0.058823529,0,0.060606061,0,0,0,0,0,0,0,0,0
RES4,Treated,19-Jun-17,19,Jun,17,Col._1,2017Col._1,0,0,0,0,0,0,0,0,0,0,0,0,0,0,0,0,0,0.002533784,0.170930866,0,0,0,0,0,0.035714286,0,0,0,0,0,0,0,0,0,0,0,0,0,0,0.038461538,0,0.006493506,0,0,0,0.5,0,0,0,0,0,0,0,0,0,0,0,0,0,0,0,0,0,0.060606061,0,0,0,0,0,0,0,0,0
RES5,Treated,19-Jun-17,19,Jun,17,Col._1,2017Col._1,0,0,0,0,0,0.2,0,0,0,0,0,0,0,0,0,0,0,0,0.062057703,0,0,0,0,0,0,0,0,0,0,0,0,0,0,0,0,0,0,0,0,0,0,0,0,0,0,0,0,0,0,0,0,0,0,0,0,0,0,0,0,0,0,0,0.012987013,0,0,0,0,0,0,0,0,0,0
RES6,Treated,19-Jun-17,19,Jun,17,Col._1,2017Col._1,0.014084507,0,0,0,0,0,0,0,0,0,0,0,0,0,0,0,0,0,0.020141535,0,0,0,0,0,0,0,0,0,0,0,0,0,0,0,0,0,0,0,0,0,0,0.006493506,0.333333333,0,0,0,0,0,0,0,0,0,0,0,0,0,0,0,0,0,0,0.058823529,0,0.03030303,0,0,0,0,0,0,0,0,0
RES7,Treated,19-Jun-17,19,Jun,17,Col._1,2017Col._1,0,0,0,0,0,0,0,0,0,0,0,0,0,0,0,0,0,0,0.014697877,0,0,0,0,0,0,0,0,0,0,0,0,0,0,0,0,0,0,0,0,0,0,0.006493506,0,0,0,0,0,0,0,0,0,0,0,0,0,0,0,0,0,0,0,0.058823529,0,0,0,0,0,0,0,0,0,0,0
RES8,Treated,19-Jun-17,19,Jun,17,Col._1,2017Col._1,0,0,0,0,0,0,0,0,0,0,0,0,0,0,0,0,0,0,0.113772455,0,0,0,0,0,0,0,0,0,0,0,0,0,0,0,0,0,0.111111111,0,0,0.038461538,0,0,0,0,0,0,0,0,0,0,0,0,0,0,0,0,0,0,0,0,0,0,0.012987013,0,0,0,0,0,0,0,0,0,0
RESOW,Treated,19-Jun-17,19,Jun,17,Col._1,2017Col._1,0,0,0,0,0,0,0,0,0,0,0,0,0,0,0,0,0,0,0.065868263,0,0,0,0,0,0,0,0,0,0,0,0,0,0,0,0,0,0,0,0,0,0,0.012987013,0,0,0,0,0,0,0,0,0,0,0,0,0,0,0,0,0,0,0.027777778,0,0.051948052,0,0,0,0,0,0,0,0,0,0
UNM1,Uninvaded,19-Jun-17,19,Jun,17,Col._1,2017Col._1,0,0,0,0,0,0,0,0,0,0,0,0,0,0,0,0,0.272727273,0.000844595,0.019597169,0,0,0.636363636,0,0,0.107142857,0,0,0,0,0,0,0,0,0,0,0,0,0,0,0,0.25,0.051948052,0,0,0.090909091,0,0,0,0,0,0,0,0,0,0,0,0,0,0,0,0,0,0,0,0,0,0,0,0,0,0,0,0
UNM2,Uninvaded,19-Jun-17,19,Jun,17,Col._1,2017Col._1,0,0,0,0,0,0,0,0,0,0,0,0,0,0,0,0,0,0,0.060968971,0,0,0,0,0,0,0,0,0,0,0,0,0.142857143,0,0,0,0,0,0,0,0,0,0,0,0,0,0,0,0,0,0,0,0,0,0,0,0,0,0,0,0,0,0,0,0,0,0,0,0,0,0,0,0,0
UNM3,Uninvaded,19-Jun-17,19,Jun,17,Col._1,2017Col._1,0,0,0,0,0,0,0,0.5,0,0,0,0,0,0,0,0,0,0.001689189,0.04681546,0,0,0,0,0,0,0,0,0,0,0,0,0,0,0,0,0,0,0,0,0,0,0.012987013,0,0,0,0,0,0,0,0,0,0,0,0,0,0,0,0,0,0,0,0,0,0,0,0,0,0,0,0,0,0,0
UNM4,Uninvaded,19-Jun-17,19,Jun,17,Col._1,2017Col._1,0,0,0,0,0,0,0,0,0,0,0,0,0,0,0,0,0,0.001689189,0.200326619,0,0,0.636363636,0,0,0.107142857,0.666666667,0,0,0,0,1,0.142857143,0,0,0,0,0,0,0,0,0,0,0,0,0,0,0,0,0,0,0,0,0,0,0.1,0,0,0.5,0,0,0,0,0,0,0,0,0,0,0,0,0,0,0
UNOW,Uninvaded,19-Jun-17,19,Jun,17,Col._1,2017Col._1,0,0,0,0,0,0,0,0,0,0,0,0,0,0,0,0,0,0,0.019052803,0,0,0,0,0,0,0,0,0,0,0,0,0,0,0,0,0,0,0,0,0,0,0,0,0,0,0,0,0,0,0,0,0,0,0,0,0,0,0,0,0,0,0.058823529,0.12987013,0.03030303,1,1,0.25,0,0,0,0,0,0
UNT1,Uninvaded,19-Jun-17,19,Jun,17,Col._1,2017Col._1,0.028169014,0,0,0,0,0,0,0,0.2,0,0,0,0,0,0,0,0,0.006756757,0.014697877,0.018518519,0,0,0,0,0.071428571,0,0,0,0,0,0.333333333,0,0,0,0.066666667,0,0,0,0,0,0,0.045454545,0,0,0,0,0.4,0,0,0,0,0,0,0.001733102,0,0,0,1,0,0,0,0,0,0,0,0,0,0,0,0,0,0,0
UNT2,Uninvaded,19-Jun-17,19,Jun,17,Col._1,2017Col._1,0.056338028,0,0,0,0,0,0,0,0,0,0,0,0,0,0,0,0,0.001689189,0.004354927,0.018518519,0,0.090909091,0,0,0,0.333333333,0,0,0,0,0.666666667,0,0,0,0,0,0,0,0,0,0,0.012987013,0,0,0.181818182,0,0,0,0,0,0,0,0,0,0,0.5,0,0,0,0,0,0,0,0,0,0,0,0,0,0,0,0,0
UNT3,Uninvaded,19-Jun-17,19,Jun,17,Col._1,2017Col._1,0,0.034482759,0,0,0,0,0,0,0,0,0,0,0,0,0,0,0,0.03125,0.179640719,0,0,0,0,0,0.035714286,0,0,0,0.2,0,0,0.142857143,0,0,0,0,0,0,0,0,0,0.012987013,0,0,0,0,0,0,0,0,0,0,0,0,0.033333333,0.5,0,0,0,0,0,0.058823529,0,0.060606061,0.142857143,0,0,0,0,0,0,0,0
UNT4,Uninvaded,19-Jun-17,19,Jun,17,Col._1,2017Col._1,0.028169014,0,0,0,0,0,0,0,0,0,0,0,0,0,0,0,0,0.003378378,0.029395754,0.018518519,0,0,0,0,0.035714286,0,0,0,0,0,0,0,0,0,0,0,0.111111111,0,0,0.038461538,0,0.279220779,0,0,0,0,0,0,0,0,0,0,0,0,0.033333333,0.5,0,0,0,0,0,0.176470588,0.012987013,0,0,0,0,0,0,0,0,0,0
IN1,Invaded,28-Jun-17,28,Jun,17,Col._2,2017Col._2,0.070422535,0,0,0,0,0,0,0,0,0,0,0,0,0,0,0,0,0.000844595,0.021230267,0,0,0.181818182,0,0,0,0,0,0,0,0,0,0.142857143,0,0,0,0,0,0,0,0,0,0.019480519,0,0,0.090909091,0,0.2,0,0,0,0,0,0,0.000866551,0,0,0.25,0.5,0,0,0,0,0,0.090909091,0,0.2,0.25,0,0,0,0,0,0
IN2,Invaded,28-Jun-17,28,Jun,17,Col._2,2017Col._2,0.028169014,0,0,0,0,0.2,0,0,0,0,0,0,0,0,0,0,0,0,0.007076756,0,0,0,0,0,0.035714286,0,0,0,0,0,0.333333333,0,0,0,0,0,0,0,0,0,0,0.006493506,0,0,0,0,0,1,0,0,0,0,0,0,0,0,0,0,0,0,0,0,0,0,0,0,0,0,0,0,0,0,0
IN3,Invaded,28-Jun-17,28,Jun,17,Col._2,2017Col._2,0,0,0,0,0,0,0,0,0,0,0,0,0,0,0,0,0,0,0.001633097,0,0,0,0,0,0.071428571,0,0,0,0,0,0,0,0,0,0,0,0,0,0,0,0,0,0,0,0,0,0,0,0,0,0,0,0,0,0,0,0,0,0,0,0,0,0,0,0,0,0,0,0,0,0,0,0
IN4,Invaded,28-Jun-17,28,Jun,17,Col._2,2017Col._2,0.014084507,0,0,0,0,0,0,0,0,0,0,0,0,0,0,0,0,0.001689189,0.054436581,0,0,0,0,0,0.107142857,0,0,0,0.2,0,0,0,0,0,0,0,0,0,0,0.038461538,0,0.025974026,0,0,0,0,0,0,0,0,0,0,0,0,0,0,0,0,0,0,0,0,0,0.060606061,0,0,0,0,0,0,0,0,0
IN5,Invaded,28-Jun-17,28,Jun,17,Col._2,2017Col._2,0.014084507,0,0,0,0,0,0,0,0,0,0,0,0,0,0,0,0,0,0.044093631,0.037037037,0,0,0,0,0,0,0,0,0,0,0,0,0,0,0,0,0,0.25,0,0,0,0.019480519,0,0,0,0,0,0,0,0,0,0,0,0.000866551,0,0,0,0,0,0,0,0,0,0,0,0,0,0,0,0,0,0,0
IN6,Invaded,28-Jun-17,28,Jun,17,Col._2,2017Col._2,0.028169014,0,0,0,0,0,0,0,0,0,0,0,0,0,0,0,0,0,0.001088732,0,0,0,0,0,0.035714286,0,0,0,0,0,0,0,0,0,0,0,0,0,0,0,0,0.006493506,0,0,0,0,0,0,0,0,0,0,0,0,0,0,0,0,0,0,0,0,0.012987013,0,0,0,0,0,0,0,0,0,0
IN7,Invaded,28-Jun-17,28,Jun,17,Col._2,2017Col._2,0.225352113,0,0,0,0,0,0,0,0,0,0.25,0,0,0,0,0.5,0,0.000844595,0.002721829,0,0,0,0,0,0.071428571,0,0,0,0,0,0,0,0,0,0,0,0,0,0,0,0,0.032467532,0,0,0,0,0,0,0,0,0,0,0,0.001733102,0,0,1,0,0,0,0,0.058823529,0.012987013,0,0,0,0,0,0,0,0,0,0
IN8,Invaded,28-Jun-17,28,Jun,17,Col._2,2017Col._2,0.14084507,0,0,0,0,0,0,0,0,0,0,0,0,0,0,0,0,0,0.004899292,0.055555556,0,0,0,0,0.214285714,0,0,0,0,0,0,0,0,0,0,0,0,0,0,0.038461538,0,0.012987013,0,0,0.090909091,0,0,0,0,0,0,0,0,0.003466205,0,0,0,0,0.142857143,0,0,0,0,0,0,0,0,0,0,0,0,0,0
INOW,Invaded,28-Jun-17,28,Jun,17,Col._2,2017Col._2,0,0,0,0,0,0,0,0,0,0,0,0,0,0,0,0,0,0.000844595,0.00653239,0,0,0,0,0,0,0,0,0,0,0,0,0,0,0,0,0,0,0,0,0.230769231,0,0,0,0,0,0,0,0,0,0,0,0,0,0,0,0,0,0,0,0,0,0,0.025974026,0.090909091,0,0,0,0,0,0,0,0,0
RES1,Treated,28-Jun-17,28,Jun,17,Col._2,2017Col._2,0.084507042,0,0,0,0,0,0,0,0,0,0,0,0,0,0,0,0,0,0.015786609,0,0,0,0,0,0,0,0,0,0,0,0,0,0,0,0,0,0,0,0,0,0,0,0,0,0,0,0,0,0,0,0,0,0,0,0,0,0,0,0.142857143,0.5,0,0,0,0,0,0,0,0,0,0,0,0,0
RES2,Treated,28-Jun-17,28,Jun,17,Col._2,2017Col._2,0,0,0,0,0,0,0,0,0,0,0,0,0,0,0,0,0,0,0.271638541,0,0,0,0,0,0,0,0,0,0,0,0,0,0,0,0,0,0,0,0,0,0,0,0,0,0,0,0,0,0,0,0,0,0,0,0,0,0,0,0,0,0,0,0.025974026,0.090909091,0,0,0,0,0,0,0,0,0
RES3,Treated,28-Jun-17,28,Jun,17,Col._2,2017Col._2,0,0,0,0,0.2,0,0,0,0,0,0,0,0,0,0,0,0,0.013513514,0.887860642,0,0,0,0,0,0.035714286,0,0,0,0,0.5,0,0,0,0,0,0,0,0,0,0,0,0,0,0,0,0,0,0,0,0,0,0,0.5,0.000866551,0,0,0,0,0,0.5,0,0.058823529,0,0.515151515,0,0,0,0,0,0,0,0,0
RES4,Treated,28-Jun-17,28,Jun,17,Col._2,2017Col._2,0.014084507,0.068965517,0,0,0,0,0,0,0,0,0,0,0,0,0,0,0,0.000844595,0.066956995,0,0,0,0,0,0,0,0,0,0,0.5,0,0,0,0,0.066666667,0,0,0,0,0.153846154,0,0,0,0,0,0,0,0,0,0,0,0,0,0,0,0,0,0,0.142857143,0,0,0,0,0.878787879,0,0,0,0,0,0,0,0,0
RES5,Treated,28-Jun-17,28,Jun,17,Col._2,2017Col._2,0,0.068965517,0,0,0,0,0,0,0,0,0,0,0,0,0,0,0,0,0.114861187,0,0,0,0,0,0,0,0,0,0,0,0,0,0,0,0,0,0,0,0,0,0,0,0,0,0,0,0,0,0,0,0,0,0,0.001733102,0,0.5,0,0,0,0,0,0,0,0.454545455,0,0,0,0,0,0,0,0,0
RES6,Treated,28-Jun-17,28,Jun,17,Col._2,2017Col._2,0.056338028,0,0,0,0,0,0,0,0,0,0,0,0,0,0,0,0,0,0.007076756,0,0,0,0,0,0,0,0,0,0,0,0,0,0,0,0.066666667,0.066666667,0,0,0,0,0,0,0,0,0,0,0,0,0,0,0,0,0,0,0,0,0,0,0,0,0,0.058823529,0,0,0,0,0,0,0,0,0,0,0
RES7,Treated,28-Jun-17,28,Jun,17,Col._2,2017Col._2,0.014084507,0,0,0,0,0,0,0,0,0,0,0,0,0,0,0,0,0,0.064235166,0,0,0,0,0,0,0,0,0,0,0,0,0,0,0,0,0,0,0,0,0,0,0,0,0,0,0,0,0,0,0,0,0,0,0,0,0,0,0,0,0,0,0,0,0,0,0,0,0,0,0,0,0,0
RES8,Treated,28-Jun-17,28,Jun,17,Col._2,2017Col._2,0.112676056,0,0,0,0,0,0,0,0,0,0,0,0,0,0,0,0,0.000844595,0.031573217,0,0,0,0,0,0.071428571,0,0,0,0,0,0,0,0,0,0,0,0,0,0,0,0,0,0,0,0,0,0,0,0,0,0,0,0,0,0,0,0,0,0,0,0,0,0,0.03030303,0,0,0,0,0,0,0,0,0
RESOW,Treated,28-Jun-17,28,Jun,17,Col._2,2017Col._2,0.028169014,0,0,0,0,0,0,0,0,0,0,0,0,0,0,0,0,0,0.115405553,0.037037037,0,0,0,0,0,0,0,0,0,0,0,0,0,0,0,0,0,0,0,0,0,0,0,0,0,0,0,0,0,0,0,0,0,0,0,0,0,0,0,0,0.027777778,0,0.064935065,0,0,0,0,0,0,0,0,0,0
UNM1,Uninvaded,28-Jun-17,28,Jun,17,Col._2,2017Col._2,0.014084507,0,0,0,0,0,0,0,0,0,0,0,0,0,0,0,0,0,0.011976048,0,0,0.090909091,0,0,0.035714286,0,0,0,0,0,0,0,0,0,0,0,0,0,0,0,0,0,0,0,0,0,0.4,0,1,0,0,0,0,0,0,0,0,0.5,0,0,0,0.058823529,0,0,0,0,0,0,0,0,0,0,0
UNM2,Uninvaded,28-Jun-17,28,Jun,17,Col._2,2017Col._2,0,0,0,0,0,0,0,0,0,0,0,0,0,0,0,0,0,0,0.02340773,0,0,0,0,0,0,0,0,0,0,0,0,0,0,0,0,0,0,0,0,0,0,0,0,0,0,0,0,0,0,0,0,0,0,0,0.033333333,0,0,0,0,0,0,0,0,0,0,0,0,0,0,0,0,0,0
UNM3,Uninvaded,28-Jun-17,28,Jun,17,Col._2,2017Col._2,0,0,0,0,0,0,0,0,0,0,0,0,0,0,0,0,0,0,0.014697877,0,0,0,0,0,0,0,0,0,0,0,0,0,0,0,0,0,0,0,0,0,0,0,0,0,0,0,0,0,0,0,0,0,0,0,0,0,0,0,0,0,0,0,0,0,0,0,0,0,0,0,0.333333333,0,0
UNM4,Uninvaded,28-Jun-17,28,Jun,17,Col._2,2017Col._2,0,0,0,0,0,0,0,0,0,0,0,0,0,0,0,0,0,0,0.003266195,0.018518519,0,0.090909091,0,0.5,0.035714286,0,0,0,0,0,0,0,0,0,0,0,0,0,0,0,0,0.006493506,0,0,0,0,0.2,0,0,0,0,0,0,0,0,0,0,0,0,0,0,0,0,0,0,0,0,0,0,0,0,0,0
UNOW,Uninvaded,28-Jun-17,28,Jun,17,Col._2,2017Col._2,0.014084507,0,0,0,0,0,0,0,0,0,0,0,0,0,0,0,0,0,0.005443658,0,0,0,0,0,0,0,0,0,0,0,0,0,0,0,0,0,0,0,0,0,0,0,0,0,0,0,0,0,0,0,0,0,0,0,0,0,0,0,0,0,0,0,0.025974026,0.060606061,0,1,0,0,0,0,0,0,0
UNT1,Uninvaded,28-Jun-17,28,Jun,17,Col._2,2017Col._2,0.014084507,0,0,0,0,0.4,1,0,0,0,0,0,0,0,0,0,0,0.003378378,0.005988024,0,0,0,0,0,0,0,0,0,0,0,0,0,0,0,0,0,0,0,0.333333333,0,0.25,0.37012987,0,0,0,0,0,0,0,0,0,0,0,0,0,0,0,0,0,0,0,0,0,0,0,0,0,0,0,0,0,0,0
UNT2,Uninvaded,28-Jun-17,28,Jun,17,Col._2,2017Col._2,0.042253521,0,0,0,0,0,0,0,0,0,0,0,0,0,0,0,0,0.000844595,0.001088732,0,0,0,0,0,0.071428571,0,0,0,0,0,0,0,0,0,0,0,0,0,0,0,0,0.012987013,0,0,0,0,0,0.5,0,0,0,0,0,0,0,0,0,0,0,0,0,0,0,0,0,0,0,0,0,0,0,0,0
UNT3,Uninvaded,28-Jun-17,28,Jun,17,Col._2,2017Col._2,0.028169014,0,0,0,0,0,0,0.5,0,0,0,0,0,0,0,0,0,0.002533784,0.089820359,0,0,0,0,0,0,0,0,0,0,0,0,0,0,0,0,0,0,0,0,0,0.25,0.045454545,0,0,0,0,0.2,0,0,0,0,0,0,0,0,0,0,0,0,0,0.027777778,0,0.077922078,0,0,0,0,0,0,0,0,0,0
UNT4,Uninvaded,28-Jun-17,28,Jun,17,Col._2,2017Col._2,0.042253521,0,0,0,0,0,0,0,0,0,0,0,0,0,0,0,0,0,0.002177463,0.018518519,0,0,0,0,0,0,0,0,0,0,0,0,0,0,0,0,0,0,0,0,0,0.266233766,0,0,0,0,0,0.5,0,0,0,0,0,0,0,0,0,0,0,0,0,0,0,0,0,0,0,0,0,0,0,0,0
IN1,Invaded,08-Jul-17,8,Jul,17,Col._3,2017Col._3,0.070422535,0,0,0,0,0,0,0,0,0,0,0,0,0,0,0.5,0,0,0.032117583,0,0,0.363636364,0,0,0.142857143,0,0,0,0,0,0,0,0,0,0,0,0,0,0,0,0,0,0,0,0.090909091,0,0,0,0,0,0,0,0,0,0,0,0,0,0,0,0,0,0,0.03030303,0,0,0,0,0,0,0,0,0
IN2,Invaded,08-Jul-17,8,Jul,17,Col._3,2017Col._3,0.112676056,0,0,0,0,0,0,0,0,0,0,0,0,0,0,0,0,0,0.020141535,0,0,0.454545455,0,0,0,0,0,0,0,0,0,0.142857143,0,0,0,0,0,0,0,0,0,0,0,0,0.090909091,0,0.2,0,0,0,0,0,0,0,0,0,0,0,0,0,0,0,0,0,0,0,0,0,0,0,0,0,0
IN3,Invaded,08-Jul-17,8,Jul,17,Col._3,2017Col._3,0.014084507,0,0,0,0,0.2,0,0,0,0,0,0,0,0,0,0,0.090909091,0,0.011431682,0,0,0,0,0,0.071428571,0,0,0,0,0,0,0,0,0,0,0,0,0,0,0,0,0,0,0,0,0,0,0.5,0,0,0,0,0,0,0,0,0,0,0,0,0,0,0.012987013,0,0,0,0,0,0,0,0,0,0
IN4,Invaded,08-Jul-17,8,Jul,17,Col._3,2017Col._3,0.211267606,0,0,0,0,0,0,0,0,0,0,0,0,0,0,0,0.090909091,0,0.043004899,0,0,0,0,0,0,0,0,0,0,0,0,0,0,0,0,0,0,0,0,0,0,0,0.333333333,0,0,0,0,0,0,0,0,0,0,0,0,0,0,0,0,0,0.027777778,0,0,0,0,0,0,0,0,0,0,0,0
IN5,Invaded,08-Jul-17,8,Jul,17,Col._3,2017Col._3,0.014084507,0.24137931,0,0,0,0,0,0,0,0,0,0,0,0,0,0,0,0,0.051714752,0.018518519,0,0.090909091,0,0,0,0,0,0,0.2,0,0,0,0,0,0,0,0,0.125,0,0,0,0.006493506,0,0.666666667,0.090909091,0,0,0,0,0,0,0,0,0.001733102,0,0,0,0,0,0,0,0,0,0,0,0,0,0,0,0,0,0,0
IN6,Invaded,08-Jul-17,8,Jul,17,Col._3,2017Col._3,0.028169014,0,0.5,0.5,0,0,0,0,0,0,0,0,0,0,0,0,0.090909091,0,0.025040827,0.037037037,0,0.454545455,0,0,0.107142857,0.333333333,0,0,0,0,0,0,0,0,0,0,0,0,0,0,0,0.006493506,0,0,0.090909091,0,0,0,0,0,0,0,0,0,0,0,0,1,0.714285714,0,0.027777778,0.058823529,0,0,0,0,0,0,0.070175439,0,0,0,0
IN7,Invaded,08-Jul-17,8,Jul,17,Col._3,2017Col._3,0.014084507,0,0,0,0.2,0,0,0,0,0.2,0,0,0,0,0,0,0,0,0.001088732,0,0,0,0,0,0,0,0,0,0,0,0,0,0,0,0.066666667,0,0,0,0,0,0,0,0,0,0.090909091,0,0.2,0,0,0,0,0,0,0,0,0,0,0,0,0,0,0,0,0,0,0,0,0,0,0,0,0,0
IN8,Invaded,08-Jul-17,8,Jul,17,Col._3,2017Col._3,0.028169014,0,0,0,0,0,0,0,0,0.2,0,0,0,0,0,0.5,0,0.000844595,0.01687534,0.018518519,0,1,0,0,0.178571429,0,0,0,0,0,0,0,0,0,0,0,0,0,0,0,0,0,0,0.333333333,0,0,0,0,0,0.5,0.5,0,0,0.058925477,0,0,0,0,0,0,0,0,0,0,0,0,0,0,0.01754386,0,0,0,0
INOW,Invaded,08-Jul-17,8,Jul,17,Col._3,2017Col._3,0,0,0,0,0,0,0,0,0,0,0,0,0,0,0,0,0,0,0.007076756,0,0,0,0,0,0,0,0,0,0,0,0,0,0,0,0,0,0,0,0,0,0,0,0,0,0,0,0,0,0,0,0,0,0,0,0,0,0,0,0,0,0.027777778,0,0.025974026,0,0,0,0,0,0,0,0,0,0
RES1,Treated,08-Jul-17,8,Jul,17,Col._3,2017Col._3,0.014084507,0,0,0,0,0,0,0,0,0,0,0,0,0,0,0,0,0,0.014153511,0,0,0,0,0,0,0,0,0,0,0.5,0,0,0,0,0.066666667,0,0,0,0,0,0,0,0,0,0,0,0,0,0,0,0,0,0,0,0,0,0,0,0,0,0,0,0,0,0,0,0,0,0,0,0,0,0
RES2,Treated,08-Jul-17,8,Jul,17,Col._3,2017Col._3,0.028169014,0,0,0,0,0,0,0,0,0,0,0,0,0,0,0,0,0.001689189,0.224823081,0,0,0,0,0,0,0,0,0,0,0,0,0,0,0,0,0,0,0,0,0.038461538,0,0.006493506,0,0,0.090909091,0,0,0,0,0,0,0,0,0,0,0,0,0,0,0,0,0.176470588,0,0.272727273,0,0,0,0,0,0,0,0,0
RES3,Treated,08-Jul-17,8,Jul,17,Col._3,2017Col._3,0,0,0,0,0,0,0,0,0,0,0,0,0,0,0,0,0,0,0.135002722,0,0,0,0,0,0,0,0,0,0,0,0,0,0,0,0,0,0,0,0,0,0,0.006493506,0,0,0,0,0,0,0,0,0,0,0,0,0,0,0,0,0.142857143,0,0,0,0.025974026,0.393939394,0,0,0,0,0,0,0,0,0
RES4,Treated,08-Jul-17,8,Jul,17,Col._3,2017Col._3,0.028169014,0,0,0,0,0,0,0,0,0,0,0,0,0,0,0,0,0.039695946,0.128470332,0,0,0,0,0,0.392857143,0,0,0,0,0,0,0,0,0,0,0,0,0,0,0,0,0,0,0,0,0,0,0,0,0,0,0,0,0,0,0,0,0,0,0,0,0,0.038961039,0.03030303,0,0,0,0,0,0,0,0,0
RES5,Treated,08-Jul-17,8,Jul,17,Col._3,2017Col._3,0,0,0,0,0,0,0,0,0,0,0,0,0,0,0,0,0,0,0.057702776,0,0,0,0,0,0,0,0,0,0,0,0,0,0,0,0,0,0,0,0,0,0,0,0,0,0,0,0,0.5,0,0,0,0,0,0,0,0,0,0,0.142857143,0,0,0,0,0.060606061,0,0,0,0,0,0,0,0,0
RES6,Treated,08-Jul-17,8,Jul,17,Col._3,2017Col._3,0,0,0,0,0,0,0,0,0,0,0,0,0,0,0,0,0,0.001689189,0.024496462,0,0,0,0,0,0.035714286,0,0,0,0,0,0,0,0,0,0,0,0,0,0,0,0,0,0,0,0,0,0,0,0,0,0,0,0,0,0,0,0,0,0,0,0,0,0.012987013,0.181818182,0,0,0,0,0,0,0,0,0
RES7,Treated,08-Jul-17,8,Jul,17,Col._3,2017Col._3,0.014084507,0,0,0,0,0,0,0,0,0,0,0,0,0,0,0,0,0.001689189,0.064235166,0,0,0,0,0,0,0,0,0,0,0,0,0,0,0,0,0,0,0,0,0,0,0,0,0,0,0,0,0,0,0,0,0,0,0,0,0,0,0,0,0,0,0,0.012987013,0,0,0,0,0,0,0,0,0,0
RES7,Treated,08-Jul-17,8,Jul,17,Col._3,2017Col._3,0.014084507,0.103448276,0,0,0.2,0,0,0,0,0,0,0,0,0,0,0,0,0,0.044637997,0,0,0,0,0,0.035714286,0,0,0,0,0,0,0,0,0,0,0,0,0,0,0,0,0.006493506,0,0,0.090909091,0,0,0,0,0,0,0,0,0,0,0,0,0,0.142857143,0,0,0,0,0.121212121,0,0,0,0,0,0,0,0,0
RESOW,Treated,08-Jul-17,8,Jul,17,Col._3,2017Col._3,0,0,0,0,0,0,0,0,0,0,0,0,0,0,0,0,0,0,0.005443658,0,0,0,0,0,0,0,0,0,0,0,0,0,0,0,0,0,0,0,0,0,0,0,0,0,0,0,0,0,0,0,0,0,0,0,0,0,0,0,0,0,0,0,0.025974026,0,0,0,0.25,0,0,0,0,0,0
UNM1,Uninvaded,08-Jul-17,8,Jul,17,Col._3,2017Col._3,0,0,0,0,0,0,0,0,0,0,0,0,0,0,0,0,0,0,0.007076756,0,0,0.090909091,0,0,0,0,0,0,0,0,0,0,0,0,0,0,0,0,0,0,0,0.006493506,0,0,0,0,0.6,1,0,0,0,0,0,0,0.033333333,0,0,0,0,0,0,0,0.012987013,0.060606061,0,0,0,0,0,0,0,0,0
UNM2,Uninvaded,08-Jul-17,8,Jul,17,Col._3,2017Col._3,0,0,0,0.5,0,0,0,0,0,0,0,0,0,0,0,0,0,0,0.052803484,0,0,0,0,0,0,0,0,0,0,0,0,0,0,0,0,0,0,0,0,0,0,0,0,0,0,0,0,0.5,0,0,0,0,0,0,0,0,0,0,0,0,0,0,0,0,0,0,0,0,0,0,0,0,0
UNM3,Uninvaded,08-Jul-17,8,Jul,17,Col._3,2017Col._3,0,0,0,0,0,0,0,0,0,0,0,0,0,0,0,0,0,0,0.011431682,0,0,0,0,0,0,0,0,0,0,0,0,0,0,0,0,0,0,0,0,0,0,0,0,0,0,0,0,0,0,0,0,0,0,0,0.033333333,0,0,0,0,0,0,0,0,0,0,0,0,0,0,0,0,0,0
UNM4,Uninvaded,08-Jul-17,8,Jul,17,Col._3,2017Col._3,0,0,0,0,0,0.2,0,0,0,0,0,0,0,0,0,0,0,0,0.001088732,0,0,0,0,0,0,0,0.5,0,0,0,0,0,0,0,0,0,0,0,0,0,0,0,0,0,0,0,0,0,0,0,0,0,0,0,0,0,0,0,0,0,0,0.058823529,0,0,0,0,0,0,0,0,0,0,0
UNOW,Uninvaded,08-Jul-17,8,Jul,17,Col._3,2017Col._3,0.014084507,0,0,0,0,0,0,0,0,0,0,0,0,0,0,0,0,0.001689189,0.01034295,0,0,0,0,0,0.035714286,0,0,0,0,0,0,0,0,0,0,0,0,0,0,0,0,0.006493506,0,0,0,0,0,0,0,0,0,0,0,0,0,0,0,0,0,0,0,0,0,0,0,0.2,0,0,0,0,0,0,0
UNT1,Uninvaded,08-Jul-17,8,Jul,17,Col._3,2017Col._3,0,0,0,0,0,0,0,0.5,0,0,0,0,0,0,0,0,0,0,0.003810561,0,0,0,0,0,0.071428571,0,0,0,0,0,0,0,0,0,0,0,0,0,0,0,0,0.006493506,0,0,0,0,0,0.5,0,0,0,0,0,0.002599653,0,0,0,0,0,0,0,0,0,0,0,0,0,0,0,0,0,0,0
UNT1,Uninvaded,08-Jul-17,8,Jul,17,Col._3,2017Col._3,0,0,0,0,0,0.2,0.5,0,0,0,0,0,0,0,0,0,0,0,0.000544366,0,0,0,0,0,0.035714286,0,0,0,0,0,0,0,0,0,0,0,0,0,0,0,0,0.032467532,0,0,0,0,0.2,0,0,0,0,0,0,0,0,0,0,0,0,0,0,0,0,0,0,0,0,0,0,0,0,0,0
UNT3,Uninvaded,08-Jul-17,8,Jul,17,Col._3,2017Col._3,0.183098592,0,0,0,0,0,0,0,0,0,0,0,0,0,0,0,0,0,0.041371802,0,0,0,0,0,0.035714286,0,0,0,0,0,0,0,0,0,0,0,0,0,0,0.038461538,0.25,0.038961039,0,0,0,0,0,0,0,0,0,0,0,0,0,0,0,0,0,0,0,0.058823529,0.025974026,0,0,0,0,0,0,0.09375,0,0,0
UNT4,Uninvaded,08-Jul-17,8,Jul,17,Col._3,2017Col._3,0.028169014,0,0,0,0,0.4,0,0,0,0,0,0,0,0,0,0,0,0,0.001633097,0,0,0,0,0,0,0,0,0,0,0,0,0,0,0,0,0,0,0,0,0,0,0.012987013,0,0,0,0,0,0,0,0,0,0,0,0,0,0,0,0,0,0,0,0,0,0,0,0,0,0,0,0.0625,0,0,0
IN1,Invaded,21-Jul-17,21,Jul,17,Col._4,2017Col._4,0.169014085,0,0,0,0,0,0,0,0,0,0,0,0,0,0,0,0,0,0.001633097,0,0,0.181818182,0,0,0.214285714,0,0.5,0,0,0,0,0,0,0,0,0,0,0,0,0,0,0.025974026,0,0,0.090909091,0,0,0,0,0.5,0,0,0,0.024263432,0,0,0,0,0,0,0,0,0,0.03030303,0,0,0,0,0,0,0,0,0
IN2,Invaded,21-Jul-17,21,Jul,17,Col._4,2017Col._4,0.169014085,0,0,0,0,0,0,0,0,0,0,0,0,0,0,0,0,0,0.01034295,0,0,0.181818182,0,0,0,0,0,0,0,0,0,0,0,0.5,0,0,0,0,0,0,0,0.032467532,0,0,0,0,0,0,0,0.5,0,0,0,0.001733102,0,0,0,0,0.142857143,0,0,0,0,0,0,0,0,0,0,0,0,0,0
IN3,Invaded,21-Jul-17,21,Jul,17,Col._4,2017Col._4,0.014084507,0,0,0,0,0,0,0,0.4,0,0,0,0.2,0,0,0,0.090909091,0.000844595,0.00653239,0,0,0.090909091,0,0,0.035714286,0,0,0,0,0,0,0,0,0,0,0,0,0,0,0,0,0.142857143,1,0,0,0,0,0,0,0.5,0,0,0.5,0.12305026,0.033333333,0,0,0,0,0,0,0,0,0.03030303,0,0,0,0,0,0,0,0,0
IN4,Invaded,21-Jul-17,21,Jul,17,Col._4,2017Col._4,0.197183099,0,0,0,0,0,0,0,0,0,0,0,0,0,0,0,0,0.000844595,0.003810561,0.018518519,0,0,0,0,0.035714286,0,0,0,0,0,0,0,0,0,0,0,0,0,0,0,0,0.038961039,0,0,0.272727273,0,0,0,0,0,1,0,0,0.014731369,0.066666667,0,0,0,0,0.5,0,0,0,0.090909091,0,0,0,0,0,0,0,0,0
IN5,Invaded,21-Jul-17,21,Jul,17,Col._4,2017Col._4,0.225352113,0,0,0,0,0,0,0,0,0,0,0,0,0,0,0,0,0,0.005443658,0,0,0,0,0,0,0,0,0,0.2,0,0,0,0,0,0,0,0,0,0,0,0,0.019480519,0,0,0,0,0,0,0,0,0,0,0.5,0.001733102,0,0,0,0,0,0,0,0,0,0,0,0,0,0,0,0,0,0,0
IN6,Invaded,21-Jul-17,21,Jul,17,Col._4,2017Col._4,0.070422535,0,0,0,0,0,0,0,0,0,0,0,0.2,0,0,1,0,0,0.015786609,0,0,0.636363636,0,0,0.107142857,0,0,0,0.2,0,0,0.142857143,0,0,1,0,0,0,0,0,0,0.032467532,0.333333333,0,0.090909091,0,0,0,0,0,0,0,0,0.004332756,0,0,0,0,0.428571429,0,0,0,0,0,0,0,0,0,0.01754386,0,0,0,0
IN7,Invaded,21-Jul-17,21,Jul,17,Col._4,2017Col._4,0.056338028,0,0,0,0,0,0,0,0,0.8,0,0,0,0,0,0,0,0,0.001088732,0,0,0,0,0,0,0,0,0,0,0,0,0,0,0,0.533333333,0,0,0,0,0,0,0.006493506,0,0,0,0,0,0,0,0,0,0,0,0.016464471,0.066666667,0,0,0,0,0,0,0,0,0,0,0,0,0,0,0,0,0,0
IN8,Invaded,21-Jul-17,21,Jul,17,Col._4,2017Col._4,0.14084507,0,0,0,0,0.4,0,0,0,0,0,0,0,0,0,0,0,0,0.003266195,0,0,0.545454545,0,0,0.071428571,0,0,0,0,0,0,0,0,0,0,0,0,0,0,0,0,0.006493506,0,0,0.090909091,0,0,0,0,0,0,0,0,0.337088388,0.066666667,0,0,0,0.142857143,0,0,0,0,0,0,0,0,0,0.01754386,0,0,0,0
INOW,Invaded,21-Jul-17,21,Jul,17,Col._4,2017Col._4,0,0,0,0,0,0,0,0,0,0,0,0,0,0,0,0,0,0.001689189,0.008165487,0,0,0,0.166666667,0,0,0,0,0,0,0,0,0,0,0,0,0,0,0,0,0.038461538,0,0,0,0,0,0,0,0,0,0,0,0,0,0,0,0,0,0,0,0,0,0,0.103896104,0,0.142857143,0,0,0,0,0,0,0,0
RES1,Treated,21-Jul-17,21,Jul,17,Col._4,2017Col._4,0.056338028,0,0,0,0,0,0,0,0,0,0,0,0,0,0,0,0,0.000844595,0.155144257,0,0,0,0,0,0.035714286,0,0,0,0,0,0,0.285714286,0,0,0,0,0,0,0,0,0,0.006493506,0,0,0,0,0,0,0,0.5,0,0,0,0,0,0,0,0,0,0,0,0,0,0.151515152,0,0,0,0,0,0,0,0,0
RES3,Treated,21-Jul-17,21,Jul,17,Col._4,2017Col._4,0.197183099,0,0,0,0,0,0,0,0,0,0,0,0,0,0,0,0,0.011824324,0.213935765,0,0,0,0,0,0.035714286,0,0.5,0,0,0,0,0,0,0,0.066666667,0,0,0,0,0.461538462,0,0.012987013,0,0,0,0,0,0,0,1,0,0,0,0.001733102,0,0,0,0,0.142857143,0,0.027777778,0,0.194805195,0.060606061,0,0,0,0,0,0,0,0,0
RES4,Treated,21-Jul-17,21,Jul,17,Col._4,2017Col._4,0.126760563,0,0,0,0,0,0,0,0,0,0,0,0,0,0,0,0,0.001689189,0.067501361,0,0,0,0,0,0,0,0,0,0,0,0,0,0,0,0,0,0,0,0,0.115384615,0,0.006493506,0,0,0,0,0,0,0,0,0,0,0,0.000866551,0,0,0,0,0.285714286,0,0.027777778,0,0.038961039,0.121212121,0,0,0,0,0,0,0,0,0
RES5,Treated,21-Jul-17,21,Jul,17,Col._4,2017Col._4,0.014084507,0.034482759,0,0,0,0,0,0,0,0,0,0,0,0,0,0,0,0,0.175285792,0,0,0,0,0,0,0,0,0,0,0,0,0,0,0,0,0,0,0,0,0.461538462,0,0,0,0,0,0,0,0,0,0,0,0,0,0,0,0,0,0,0,0,0,0,0,0.303030303,0,0,0,0,0,0,0,0,0
RES6,Treated,21-Jul-17,21,Jul,17,Col._4,2017Col._4,0.028169014,0,0,0,0,0,0,0,0,0,0,0,0,0,0,0,0,0,0.014153511,0,0,0,0,0,0,0,0,0,0,0,0,0,0,0,0,0,0,0,0,0,0,0,0,0,0,0,0,0,0,0,0,0,0,0,0,0,0,0,0,0,0,0,0,0.121212121,0,0,0,0,0,0,0,0,0
RES7,Treated,21-Jul-17,21,Jul,17,Col._4,2017Col._4,0,0,0,0,0,0.2,0,0,0,0,0,0,0,0,0,0,0,0.007601351,0.24060969,0,0,0,0,0,0,0,0,0,0,0,0,0,0,0,0,0,0,0,0,0,0,0,0,0,0,0,0,0,0,0,0,0,0,0,0,0,0,0,0,0,0,0,0.025974026,0,0,0,0,0,0,0,0,0,0
RES8,Treated,21-Jul-17,21,Jul,17,Col._4,2017Col._4,0.056338028,0,0,0,0,0,0,0,0,0,0,0,0,0,0,0,0,0,0.049537289,0,0,0,0,0,0.035714286,0,0,0,0,0,0,0,0,0,0,0,0,0,0,0.038461538,0,0,0,0,0,0,0,0.5,0,0,0,0,0,0.000866551,0,0,0,0,0.142857143,0,0,0,0.012987013,0.090909091,0,0,0,0,0,0,0,0,0
UNM1,Uninvaded,21-Jul-17,21,Jul,17,Col._4,2017Col._4,0.014084507,0,0,0,0,0,0,0.5,0,0,0,0,0,0,0,0,0,0.003378378,0.009254219,0,0,0.181818182,0,0,0,0,0,0,0,0,0,0,0,0,0,0,0,0,0,0,0.25,0,0,0,0,0,0,0,0,0,0,0,0,0.001733102,0,0,0.25,0,0,0,0,0,0.025974026,0.242424242,0,0,0,0,0,0,1,0,0
UNM2,Uninvaded,21-Jul-17,21,Jul,17,Col._4,2017Col._4,0,0,0,0,0,0,0,0,0,0,0,0,0,0,0,0,0,0,0.037561241,0,0,0.090909091,0,0,0,0,0,0,0,0,0,0,0,0,0,0,0,0,0,0,0,0,0,0,0.090909091,0,0,0,0,0,0,0,0,0,0,0,0,0,0,0,0,0,0.012987013,0,0,0,0,0,0,0,0,0,0
UNM3,Uninvaded,21-Jul-17,21,Jul,17,Col._4,2017Col._4,0,0,0,0,0,0,0,1,0,0,0,0,0,0,0,0,0,0.006756757,0.028307022,0,0,0,0,0,0.178571429,0,0,0,0,0,0,0,0,0,0,0,0,0,0,0.153846154,0,0,0,0,0,0,0,0,0,0,0,0,0,0,0,0,0,0,0,0,0,0,0.038961039,0.060606061,0,0,0,0,0,0,0,0,0
UNOW,Uninvaded,21-Jul-17,21,Jul,17,Col._4,2017Col._4,0,0,0,0,0,0,0,0,0,0,0,0,0,0,0,0,0,0,0.003266195,0,0,0,0,0,0.035714286,0,0,0,0,0,0,0,0,0,0,0,0,0,0,0,0,0,0,0,0,0,0,0,0,0,0,0,0,0,0,0,0,0,0,0,0,0.058823529,0.012987013,0,0,0,0,0,0,0,0,0,0
UNT1,Uninvaded,21-Jul-17,21,Jul,17,Col._4,2017Col._4,0.014084507,0,0,0,0,0,0,0,0,0,0,0,0,0,0,0,0,0,0,0.018518519,0,0,0,0,0.035714286,0,0,0,0,0,0,0,0,0,0,0,0,0,0,0,0,0,0,0,0,0,0,0,0,0,0,0,0,0,0,0,0,0,0,0,0,0,0,0,0,0,0,0,0,0.03125,0,0,0
UNT2,Uninvaded,21-Jul-17,21,Jul,17,Col._4,2017Col._4,0,0,0,0,0,0,0,0,0,0,0,0,0,0,0,0,0,0,0.000544366,0.018518519,0,0.181818182,0,0,0,0,0,0,0,0,0,0,0,0,0,0,0,0,0,0,0,0,0,0,0,0,0,0,0,0,0,0,0,0,0,0,0,0,0,0,0,0,0,0,0,0,0,0,0,0.03125,0,0,0
UNT3,Uninvaded,21-Jul-17,21,Jul,17,Col._4,2017Col._4,0.070422535,0,0,0,0.2,0,0,0,0.2,0,0,0,0,0,0,0,0,0.000844595,0.015786609,0,0,0,0,0,0,0,0,0,0,0,0,0,0,0,0,0,0,0,0,0,0,0.038961039,0,0,0,0,0,0,0,0,0,0,0,0,0,0,0,0,0,0,0.027777778,0,0.012987013,0.090909091,0,0,0,0,0,0.03125,0,0,0
UNT4,Uninvaded,21-Jul-17,21,Jul,17,Col._4,2017Col._4,0.957746479,0,0,0,0,0,0,0,0,0,0,0,0,0,0,0,0,0,0.001633097,0.018518519,0,0,0,0,0.035714286,0,0,0,0,0,0,0,0,0,0,0,0,0,0,0,0,0.019480519,0.333333333,0,0,0,0,0,0,0,0,0,0,0,0,0,0,0,0,0,0,0,0,0,0,0,0,0,0,0.15625,0,0,0
IN1,Invaded,20-May-18,20,May,18,Col._1,2018Col._1,0,0,0,0,0.8,0,0,0,0,0,0,0.25,0,0,0,0,0.090909091,0,0.052803484,0,0,0,0,0,0,0,0.5,0,0,0,0.333333333,0,0.125,0,0,0,0,0,0,0,0.25,0,0,0,0,0,0,0,0,0,0,0,0,0,0,0,0,0,0,0,0,0.352941176,0,0,0,0,0,0.058823529,0,0,0,0,0
IN2,Invaded,20-May-18,20,May,18,Col._1,2018Col._1,0.014084507,0,0,0,0.4,0,0,0,0,0,0,0,0,0,0,0,0,0,0.047904192,0,0,0,0,0,0,0,0,0,0,0,0,0,0,0,0,0,0,0,0,0,0,0,0,0,0,0,0,0,0,0,0,0,0,0,0,0,0,0,0,0,0,0.058823529,0,0,0,0,0,0,0,0,0,0,0
IN3,Invaded,20-May-18,20,May,18,Col._1,2018Col._1,0,0,0,0.5,0.6,0,0,0,0,0,0,0.5,0,0,0,0,0,0,0.018508438,0,0,0,0,0,0,0,0,0,1,0,0,0,0.25,0,0,0,0,0,0,0,0,0,0,0,0,0,0,0,0.5,0,0,0,0,0,0,0,0,0,0,0,0,0.058823529,0,0,0,0,0,0,0,0,0,0,0
IN4,Invaded,20-May-18,20,May,18,Col._1,2018Col._1,0,0,0,1,0,0,0,0,0,0,0,0,0,0,0,0,0,0.002533784,0.029395754,0,0,0,0,0,0,0.333333333,0.5,0,0.2,0,0,0,0,0,0,0,0,0,0,0,0,0,0,0,0,0.5,0,0,0,0,0,0,0,0,0,0,0,0,0,0,0.027777778,0.117647059,0,0,0,0,0,0.235294118,0,0,0,0,0
IN5,Invaded,20-May-18,20,May,18,Col._1,2018Col._1,0.028169014,0,0,0,0.8,0,0,0,0,0,0,0,0,0,0,0,0.090909091,0,0.01306478,0,0,0,0,0,0,0,0,0,0,0,0,0.142857143,0,0,0,0,0,0,0,0,0,0,0,0,0,0,0,0,0,0,0,0,0,0,0,0,0,0,0,0,0,0,0,0,0,0,0,0.235294118,0,0,0,0,0
IN6,Invaded,20-May-18,20,May,18,Col._1,2018Col._1,0,0,0,1,0.4,0,0,0,0,0,0,0,0,0,0,0,0,0,0.01687534,0,0,0,0,0,0,0,0.5,0,0,0,0,0,0.25,0,0,0,0,0,0,0,0.25,0,0,0,0,0,0,0,0,0,0,0,0,0,0,0,0,0,0,0,0,0.117647059,0,0,0,0,0,0.058823529,0,0,0,0,0
IN7,Invaded,20-May-18,20,May,18,Col._1,2018Col._1,0.014084507,0,0,0,0,0,0,0,0,0,0,0,0,0,0,0,0,0,0.002721829,0,0,0,0,0,0,0,0,0,0.2,0,0,0,0,0,0,0,0,0,0,0,0,0,0,0,0,0,0,0,0,0,0,0,0,0,0,0,0,0,0,0,0,0,0,0,0,0,0,0,0,0,0,0,0
IN8,Invaded,20-May-18,20,May,18,Col._1,2018Col._1,0,0,0,0,0,0.2,0,0,0,0,0,0,0,0,0,0,0.090909091,0.000844595,0.127925966,0,0,0.090909091,0,0,0.035714286,0,0,0,0,0,0,0,0,0,0,0,0,0,0,0,0,0,0,0,0,0,0,0,0,0,0,0,0,0,0,0,0,0,0,0,0,0,0,0,0,0,0,0.764705882,0,0,0,0,0
RES1,Treated,20-May-18,20,May,18,Col._1,2018Col._1,0,0,0.5,0,0,0,0,0,0,0,0,0,0,0,0,0,0,0.081081081,0.038105607,0,0,0,0,0,0,0,0,0,0,0,0,0,0,0,0,0,0,0,0,0,0,0,0,0,0,0,0,0,0,0,0,0,0,0,0,0,0,0,0,0,0,0,0,0,0,0,0,0,0,0,0,0,0
RES2,Treated,20-May-18,20,May,18,Col._1,2018Col._1,0,0,0,0,0,0,0,0,0,0,0,0,0,0,0,0,0,0.003378378,1,0,0,0,0,0,0,0,0,0,0,0,0,0,0,0,0,0,0,0,0,0,0,0,0,0,0,0,0,0,0,0,0,0,0,0,0,0,0,0,0,0,0,0,0.077922078,0,0,0,0,0,0,0,0,0,0
RES3,Treated,20-May-18,20,May,18,Col._1,2018Col._1,0,0,0,0.5,0,0,0,0,0,0,0,0,0,0,0,0,0,0,0.449101796,0,0,0,0,0,0.035714286,0,0,0,0,0,0.333333333,0,0,0,0,0,0,0,0,0,0,0,0,0,0,0,0,0,0,0,0,0,0,0,0,0,0,0,0,0,0,0.058823529,0,0,0,0,0,0,0,0,0,0,0
RES4,Treated,20-May-18,20,May,18,Col._1,2018Col._1,0,0,0,0.5,0,0,0,0,0,0,0,0,0,0,0,0,0,0.000844595,0.300489929,0,0,0,0,0,0,0,0,0,0,0,0,0,0,0,0,0,0,0,0,0,0,0,0,0,0,0,0,0,0,0,0,0,0,0,0,0,0,0,0,0,0,0,0.025974026,0,0,0,0,0,0,0,0,0,0
RES6,Treated,20-May-18,20,May,18,Col._1,2018Col._1,0,0,0,0,0,0,0,0,0,0,0,0,0,0,0,0,0,0.000844595,0.380511704,0,0,0,0,0,0,0,0,0,0,0,0,0,0,0,0,0,0,0,0,0,0,0,0,0,0,0,0,0,0,0,0,0,0,0,0,0,0,0,0,0,0,0,0,0,0,0,0,0,0,0,0,0,0
RES7,Treated,20-May-18,20,May,18,Col._1,2018Col._1,0,0,0,0,0,0,0,0.5,0,0,0,0,0,0,0,0,0,0.075168919,0.547087643,0,0,0,0,0,0,0,0,0,0,0,0,0,0.25,0,0,0,0,0,0,0,0,0,0,0,0,0,0,0,0,0,0,0,0,0,0,0,0,0,0,0,0,0,0,0,0,0,0,0,0,0,0,0,0
RES8,Treated,20-May-18,20,May,18,Col._1,2018Col._1,0,0,0,0,0,0,0,0,0,0,0,0,0,0,0.5,0,0,0.000844595,0.491017964,0,0,0,0,0,0,0,0,0,0,0,0,0,0,0,0,0,0,0,0,0,0,0,0,0,0,0,0,0,0,0,0,0,0,0,0,0,0,0,0,0,0,0,0,0,0,0,0,0,0,0,0,0,0
RESOW,Treated,20-May-18,20,May,18,Col._1,2018Col._1,0,0,0,0,0,0,0,0,0,0,0,0,0,0,0,0,0,0,0.037561241,0,0,0,0,0,0,0,0,0,0,0,0,0,0.125,0,0,0,0,0,0,0,0,0,0,0,0,0,0,0,0,0,0,0,0,0,0,0,0,0,0,0,0,0,0.012987013,0,0,0,0,0,0,0,0,0,0
UNM1,Uninvaded,20-May-18,20,May,18,Col._1,2018Col._1,0.014084507,0,0,0,0,0,0,0,0,0,0,0,0,0,0,0,0,0,0.009798585,0,0,0.090909091,0,0,0.035714286,0,0,0,0,0,0,0,0,0,0,0,0,0,0,0,0,0.006493506,0,0,0,0,0,0,0,0,0,0,0,0,0,0,0,0,0,0,0,0.058823529,0,0,0,0,0,0,0,0,0,0,0
UNM2,Uninvaded,20-May-18,20,May,18,Col._1,2018Col._1,0,0,0,0,0.2,0,0,0,0,0,0,0,0,0,0,0,0,0,0.01034295,0,0,0,0,0,0,0,0,0,0,0,0,0,0,0,0,0,0,0,0,0,0,0,0,0,0,0,0,0,0,0,0,0,0,0,0,0,0.5,0,0,0,0,0.058823529,0,0,0,0,0,0,0,0,0,0,0
UNM3,Uninvaded,20-May-18,20,May,18,Col._1,2018Col._1,0.014084507,0,0,0.5,0.4,0.2,0,0,0.4,0,0,0,0,0,0,0,0,0,0.004354927,0,0,0.090909091,0,0,0,0,0,0,0,0,0,0.142857143,0,0,0,0,0,0,0,0,0,0,0,0,0,0,0,0,0,0,0,0,0,0,0,0,0,0,0,0,0,0.117647059,0,0,0,0,0,0,0,0,0,0,0
UNM4,Uninvaded,20-May-18,20,May,18,Col._1,2018Col._1,0,0,0,0.5,0,0,0,0,0,0,0,0,0,0,0,0,0,0,0.01034295,0,0,0,0,0,0.035714286,0.333333333,0,0,0,0,0,0,0,0,0,0,0,0,0,0,0,0,0,0,0,0.5,0,0,0,0,0,0,0,0,0,0,0,0,0,0,0,0,0,0,0,0,0,0,0,0,0,0,0
UNM5,Uninvaded,20-May-18,20,May,18,Col._1,2018Col._1,0,0,0,0,0.2,0,0,0,0,0,0,0,0,0,0,0,0,0,0.004899292,0,0,0,0,0,0.035714286,0,0,0,0,0,0,0,1,0,0,0,0,0,0,0,0,0,0,0,0,0,0,0,0,0,0,0,0,0,0,0,0,0,0,0,0,0.058823529,0,0,0,0,0,0,0,0,0,0,0
UNM6,Uninvaded,20-May-18,20,May,18,Col._1,2018Col._1,0,0,0,0,0,0.2,0,0,0.2,0,0,0,0,0,0,0,0,0,0.022318998,0,0,0,0,0,0.035714286,0,0,0,0,0.5,0,0,0,0,0,0,0,0,0,0,0,0,0,0,0,0,0,0,0,0,0,0,0,0,0,0,0.5,0,0,0,0,0.117647059,0,0,0,0,0,0,0,0,0,0,0
UNT2,Uninvaded,20-May-18,20,May,18,Col._1,2018Col._1,0,0,0,0,0,0.2,0,0,0,0,0,0,0,0,0,0,0,0,0.025040827,0,0,0,0,0,0,0,0,0,0,0,0,0,0,0,0,0,0,0,0,0,0,0,0,0,0,0,0,0,0,0,0,0,0,0,0.033333333,0,0.25,0,0,0,0,0.058823529,0,0,0,0,0,0,0,0,0,0,0
UNT2,Uninvaded,20-May-18,20,May,18,Col._1,2018Col._1,0,0,0,0,0.6,0,0,0,0,0,0,0,0,0,1,0,0,0,0.020141535,0,0,0,0,0,0,0,0,0,0.6,0,0,0,1,0,0,0,0,0,0.333333333,0,0.25,0,0,0,0,0,0,0,0,0,0,0,0,0,0,0,0,0,0,0,0,0.058823529,0,0,0,0,0,0.529411765,0,0,0,0,0
IN1,Invaded,05-Jun-18,5,Jun,18,Col._2,2018Col._2,0.084507042,0,0,0,1,0.2,0,0,0,0,0,1,0,0,0.5,0,0,0.010135135,0.022318998,0,0,0,0,0,0,0,0,0,0,0,0,0,0,0,0,0,0,0,0,0,0,0,0,0,0,0,0,0,0,0,0,0,0,0,0,0,0,0,0,0,0.333333333,0.058823529,0,0,0,0.2,0,0.176470588,0,0,0,0,0
IN2,Invaded,05-Jun-18,5,Jun,18,Col._2,2018Col._2,0.169014085,0,0,0,0.2,0,0,0.5,0.2,0,0,0,0,0,0,0.5,0.090909091,0,0.009254219,0,0,0,0,0,0,0,0,0,0.2,0,0,0,0,0,0,0,0,0,0,0,0,0,0,0,0,0,0,0,0,0,0,0,0,0,0,0,0,0,0,0,0.111111111,0,0,0,0,0,0,0,0,0,0,0,0
IN3,Invaded,05-Jun-18,5,Jun,18,Col._2,2018Col._2,0,0,0,0,0.4,0,0.5,0,0.2,0,0,1,0,0,0,0,0.454545455,0.006756757,0.005988024,0,0,0,0,0,0,0,0,0,0.2,0,0,0,0.125,0.5,0,0,0,0.5,0,0,0,0,0,0.333333333,0.090909091,1,0,0,0,0,0,0,0,0,0,0,0,0,0,0,0.333333333,0.058823529,0,0,0,0.2,0,0.058823529,0,0,0,0,0
IN4,Invaded,05-Jun-18,5,Jun,18,Col._2,2018Col._2,0,0,0,0,1,0,0.5,0,0,0,0,0,0,0,0,0,0,0.015202703,0.018508438,0.018518519,0,0,0,0,0,0,0,0,0,0,0,0,0,0,0,0,0,0,0,0,0,0.006493506,0.333333333,0.333333333,0,0,0,0,0,0,0,0,0,0,0,0,0,0,0,0,0.416666667,0.117647059,0,0,0,0,0,0.764705882,0,0,0,0,0
IN5,Invaded,05-Jun-18,5,Jun,18,Col._2,2018Col._2,0.028169014,0,0,0,0.8,0.2,0,0,0,0,0,0,0,0,0,0,1,0.000844595,0.022318998,0,0,0,0,0,0,0,0,0,0,0,0,0,0.125,1,0,0,0,0,0,0,0,0.019480519,0,0,0.090909091,0,0,0,0,0,0,0,0,0,0,0,0,0,0,0,1,0,0,0,0,0,0,0.235294118,0,0,0,0,0
IN6,Invaded,05-Jun-18,5,Jun,18,Col._2,2018Col._2,0.042253521,0,0,0,0.8,0,0,0,0,0,0,0,0,0,0,0,0.181818182,0.001689189,0.025585193,0,0,0,0,0,0,0,0,0,0,0,0,0,0,0.5,0,0,0,0,0,0,0.25,0,0,1,0,0,0,0,0,0,0,0,0,0,0,0,0,0,0,0,0.25,0.058823529,0,0,0,0,0,0.117647059,0,0,0,0,0
IN7,Invaded,05-Jun-18,5,Jun,18,Col._2,2018Col._2,0.056338028,0,0.5,0,0.2,0.4,0,0,0,0,0,0,0,0,0,0,0,0,0.005443658,0,0,0,0,0,0,0,0,0,0,0,0,0,0,0,0,0,0,0,0,0,0,0,0,0,0,0,0,0,0,0,0,0,0,0,0,0,0,0,0,0,0,0,0,0,0,0,0,0.941176471,0,0,0,0,0
IN8,Invaded,05-Jun-18,5,Jun,18,Col._2,2018Col._2,0.014084507,0,0,0,0,0.2,0,0,0,0,0,0,0,0,0,0,0,0,0.099618944,0,0,0,0,0,0,0,0,0,0,0,0,0,0,0,0,0,0,0,0,0,0,0,0,0,0,0,0,0,0,0,0,0,0,0,0,0,0,0,0,0,0.583333333,0,0,0,0,0,0,1,0,0,0,0,0
INOW,Invaded,05-Jun-18,5,Jun,18,Col._2,2018Col._2,0,0,0,0,0,0,0,0,0,0,0,0,0,0,0,0,0,0.017736486,0.107240065,0,0,0,0.166666667,0,0,0,0,0,0,0,0,0,0.125,0,0,0,0,0,0,0,0,0,0,0,0,0,0,0,0,0,0,0,0,0,0,0,0,0,0,0,0,0,0.519480519,0,0,0,0,0,0,0,0,0,0
RES1,Treated,05-Jun-18,5,Jun,18,Col._2,2018Col._2,0,0,0,0,0,0,0,0,0,0,0,0,0,0,0,0,0,1,0.536744692,0,0,0,0,0,0,0,0,0,0,0,0,0,0,0,0,0,0,0,0,0.038461538,0,0,0,0,0,0,0,0,0,0,0,0,0,0,0,0,0,0,0,0,0.083333333,0,0,0,0,0,0,0,0,0,0,0,0.090909091
RES2,Treated,05-Jun-18,5,Jun,18,Col._2,2018Col._2,0,0,0,0,0,0,0,0,0,0,0,0,0,0,0,0,0,0.072635135,0.897659227,0,0,0,0,0,0,0,0,0,0,0,0,0,0,0,0,0,0,0,0,0.038461538,0.25,0,0,0,0,0,0,0,0,0,0,0,0.5,0,0,0,0,0,0,0,0,0.058823529,0.207792208,0.090909091,0,0,0,0,0,0,0,0,0.090909091
RES3,Treated,05-Jun-18,5,Jun,18,Col._2,2018Col._2,0,0,0,0,0,0,0,0,0,0,0,0,0,0,0,0,0,0.013513514,0.647250953,0,0,0,0,0,0.035714286,0,0,0,0,0,0,0,0.25,0,0,0,0,0,0,0,0,0,0,0,0,0,0,0,0,0,0,0,0.5,0,0,0,0,0,0,0,0.027777778,0,0.012987013,0.060606061,0,0.8,0,0,0,0,0,0,0.090909091
RES4,Treated,05-Jun-18,5,Jun,18,Col._2,2018Col._2,0,0,0,0,0.2,0,0,0,0,0,0,0,0,0,0,0,0,0.003378378,0.456178552,0,0,0,0,0,0,0,0,0,0,0,0,0,0,0,0,0,0,0,0,0,0,0,0,0,0,0,0,0,0,0,0,0,0,0.000866551,0,0,0,0,0,0,0,0.058823529,0.077922078,0,0,0,0.75,0,0,0,0,0,0
RES6,Treated,05-Jun-18,5,Jun,18,Col._2,2018Col._2,0,0,0,0,0,0,0,0,0,0,0,0,0,0,0,0,0,0.006756757,0.893848666,0,0,0,0,0,0.071428571,0,0,0,0,0,0,0,0,0,0,0,0,0,0,0.038461538,0,0,0,0,0,0,0,0,0,0,0,0,0,0,0,0,0,0,0,0,0.055555556,0.058823529,0.025974026,0.060606061,0,1,0,0,0,0,0,0,0
RES7,Treated,05-Jun-18,5,Jun,18,Col._2,2018Col._2,0,0,0,0,0.2,0,0,0,0,0,0,0,0,0,0,0,0,0.027027027,0.636363636,0,0,0,0,0,0,0,0,0,0,0,0,0,0.125,0,0,0,0,0,0,0.038461538,0,0,0,0,0,0,0,0.5,0,0,0,0,0,0,0,0,0,0,0,0,0,0,0,1,0,0.6,0.25,0.058823529,0,0,0,0,0
RES8,Treated,05-Jun-18,5,Jun,18,Col._2,2018Col._2,0.014084507,0,0.5,0,0.2,0,0,0,0,0,0,0,0,0,0,0,0,0.011824324,0.387044094,0,0,0,0,0,0,0,0,0,0,0,0,0,0,0,0,0,0,0,0,0,0,0.006493506,0,0,0,0,0,0,0,0,0,0,0,0,0,0,0,0,0,0,0,0,0,0.03030303,0,0,0,0,0,0,0,0,0
RESOW,Treated,05-Jun-18,5,Jun,18,Col._2,2018Col._2,0,0,0,0,0,0,0,0,0,0,0,0,0,0,0,0,0,0.000844595,0.055525313,0,0,0,0,0,0,0,0,0,0,0,0,0,0,0,0,0,0,0,0,0,0,0,0,0,0,0,0,0,0,0,0,0,0,0,0,0,0,0,0,0,0,0.117647059,0.012987013,0.03030303,0,0.2,0,0,0,0,0,0,0
UNM1,Uninvaded,05-Jun-18,5,Jun,18,Col._2,2018Col._2,0.014084507,0,0,0,0.4,0,0,0.5,0,0,0,0.25,0,0,0,0,0,0.040540541,0.007076756,0,0,0,0,0,0,0,0,0,0,0,0,0,0,0,0,0,0,0,0,0,0,0,0,0,0,0,0,0,0,0,0,0,0,0.000866551,0,0,0,0,0,0,0,0,0,0,0,0.2,0,0.058823529,0,0,0,0,0
UNM2,Uninvaded,05-Jun-18,5,Jun,18,Col._2,2018Col._2,0.028169014,0,0,0,0,0.2,0,0,0,0,0,0,0,0,0,0,0,0.016891892,0.003266195,0,0,0,0,0,0.035714286,0,0,0,0,0,0,0,0,0,0,0,0,0,0,0,0,0,0,0,0,0,0,0,0,0,0,0,0,0,0.1,0,0,0,0,0,0,0,0,0,0,0,0,0,0,0,0,0,0
UNM3,Uninvaded,05-Jun-18,5,Jun,18,Col._2,2018Col._2,0.014084507,0,0.5,0,0,0,0,0,0,0,0,0.25,0,0,0,0,0,0.004222973,0.000544366,0,0,0,0,0,0,0,0,0,0.2,0,0,0,0,0,0,0,0,0,0,0,0,0,0,0,0,0,0,0,0,0,0,0,0,0,0.366666667,0,0,0,0,0,0,0,0,0,0,0,0,0,0,0,0,0,0
UNM4,Uninvaded,05-Jun-18,5,Jun,18,Col._2,2018Col._2,0,0,0,0,0,0,0,0,0,0,0,0,0,0,0,0,0,0,0,0,0,0,0,0,0,0,0,0,0,0,0,0,0,0,0,0,0,0,0,0,0,0,0,0,0,0,0,0,0,0,0,0,0,0,0,0,0,0,0,0,0,0,0,0,0,0,0,0,0,0,0,0,0
UNM5,Uninvaded,05-Jun-18,5,Jun,18,Col._2,2018Col._2,0.014084507,0,0,0,0,0.2,0,0.5,0,0,0,0.75,0,0,1,0,0,0.018581081,0.008709853,0,0,0,0,0,0.035714286,0,0,0,0,0,0,0,0,1,0,0,0,0.375,0.333333333,0,0,0,0,0,0,0,0.2,0,0,0,0,0,0,0,0.033333333,0,0.25,0,0,0,0,0.294117647,0.012987013,0,0,0,0,0.176470588,0,0,0,0,0
UNM6,Uninvaded,05-Jun-18,5,Jun,18,Col._2,2018Col._2,0.028169014,0,1,0,0.6,0,0,0,0,0,0,0.5,0,0,0,0,0,0.010135135,0.058791508,0,0,0,0,0,0.035714286,0,0,0,0.2,0,0,0,0,0,0,0,0,0.5,0,0,1,0.006493506,0,0,0.090909091,0,0,0,0,0,0,0,0,0,0,0,1,0,0,0,0.805555556,0.470588235,0,0,0,0,0,0,0,0,0,0,0
UNOW,Uninvaded,05-Jun-18,5,Jun,18,Col._2,2018Col._2,0.014084507,0,0,0,0,0,0,0,0,0,0,0,0,0,0,0,0,0.006756757,0.376156777,0,0,0,1,0,0.035714286,0,0,0,0,0,0,0,0,0,0,0,0,0,0,0,0,0,0,0,0,0,0,0,0,0,0,0,0,0,0,0,0,0,0,0,0,0,0.246753247,0.03030303,0,1,0.5,0,0,0,0,0,0
UNT1,Uninvaded,05-Jun-18,5,Jun,18,Col._2,2018Col._2,0,0,0,0,0.8,0,0.5,0.5,0.2,0,0,0,0,0,0,0,0,0.005912162,0.038105607,0,0,0,0,0,0,0,0,0,0.2,0,0,0,0,1,0,0,0,0.375,0,0,0,0,0,0,0,0.5,0,0,0,0,0,0,0,0,0,0,0,0,0,0,0.194444444,1,0,0,0,0,0.25,0.823529412,0,0,0,0,0
UNT2,Uninvaded,05-Jun-18,5,Jun,18,Col._2,2018Col._2,0,0,0,0,0,0,0,0,0,0,0,0,0,0,0.5,0.5,0,0,0.026673925,0,0,0,0,0,0,0,0,0,0,0,0,0,0,0,0,0,0,0.125,0,0,0,0.071428571,0,0,0,0,0,0,0,0,0,0,0,0,0,0,0,0,0,0,0,0.058823529,0.012987013,0,0,0,0,0,0,0,0,0,0
IN1,Invaded,16-Jun-18,16,Jun,18,Col._3,2018Col._3,0.028169014,0,0,0,0,0,0,0,0,0,0,0,0,0,0,0,0,0.000844595,0.000544366,0,0,0,0,0,0,0,0,0,0,0,0,0,0,0,0,0,0,0,0,0,0,0,0,0,0,0,0,0,0,0,0,0,0,0,0,0,0,0,0,0,0.027777778,0,0,0,0,0,0,0,0,0,0,0,0
IN2,Invaded,16-Jun-18,16,Jun,18,Col._3,2018Col._3,0.042253521,0,0,0,0.2,0,0,0,0,0,0,0,0,0,0,0,0,0,0,0.12962963,0,0,0,0,0.035714286,0,0,0,0,0,0,0,0,0,0,0,0,0,0,0,0,0,0,0,0,0,0,0,0,0,0,0,0,0,0,0,0,0,0,0,0.194444444,0,0,0,0,0,0,0,0,0,0,0,0
IN3,Invaded,16-Jun-18,16,Jun,18,Col._3,2018Col._3,0,0,0,0,0,0,0,0,0,0,0,0,0,0,0,0,0.090909091,0,0.001088732,0,0,0,0,0,0,0,0,0,0,0,0,0,0.25,0,0.066666667,0,0,0,0,0,0,0,0,0,0,0,0,0,0,0,0,0,0,0.001733102,0,0,0,0,0,0,0.138888889,0,0,0,0,0,0,0,0,0,0,0,0
IN4,Invaded,16-Jun-18,16,Jun,18,Col._3,2018Col._3,0.014084507,0,0,0,0.2,0,0,0,0,0,0,0,0,0,0,0,0,0,0.003266195,0,0,0,0,0,0.035714286,0,0,0,0,0,0,0,0,0,0,0,0,0,0,0,0,0.006493506,0.666666667,0,0,0,0,0,0,0,0,0,0,0,0,0,0,0,0,0,0.027777778,0,0,0.03030303,0,0,0,0,0,0,0,0,0
IN5,Invaded,16-Jun-18,16,Jun,18,Col._3,2018Col._3,0.028169014,0,0,0,0,0,0,0,0,0,0,0,0,0,0,0,0,0,0.001633097,0.12962963,0,0,0,0,0,0,0,0,0,0,0,0,0,0,0.133333333,0,0,0,0,0.038461538,0.25,0,0,0,0.090909091,0,0,0,0,0,0,0,0,0,0,0,0,0,0,0,0.222222222,0,0,0,0,0,0,0,0,0,0,0,0
IN6,Invaded,16-Jun-18,16,Jun,18,Col._3,2018Col._3,0,0,0,0,0,0,0,0,0,0,0,0,0,0,0,0,0,0,0,0,0,0,0,0,0,0,0,0,0,0,0,0,0,0,0,0,0,0,0,0,0,0,0,0,0,0,0,0,0,0,0,0,0,0,0,0,0,0,0,0,0,0,0,0,0,0,0,0,0,0,0,0,0
IN7,Invaded,16-Jun-18,16,Jun,18,Col._3,2018Col._3,0.014084507,0,0,0,0,0,0.5,0,0.4,0,0,0,0,0,0,0,0.090909091,0,0.001088732,0,0,0,0,0,0,0,0,0,0.2,0,0,0,0,0,0,0,0,0,0,0.038461538,0.25,0,0,0,0,0,0,0,0,0,0,0,0,0,0,0,0,0,0.142857143,0,0.5,0,0,0,0,0,0,0.058823529,0,0,0,0,0
IN8,Invaded,16-Jun-18,16,Jun,18,Col._3,2018Col._3,0.014084507,0,0,0,0,0,0,0.5,0,0,0,0,0,0,0,0,0,0,0.030484486,0.018518519,0,0,0,0,0,0,0,0,0,0,0,0,0,0,0,0,0,0,0.333333333,0,0,0,0,0,0,0,0,0,0,0,0,0,0,0,0,0,0,0,0,0,0.055555556,0,0,0,0,0,0,0,0,0,0,0,0
INOW,Invaded,16-Jun-18,16,Jun,18,Col._3,2018Col._3,0,0,0,0,0,0,0,0,0,0,0,0,0,0,0,0,0,0.002533784,0.11703865,0,0,0,0,0,0,0,0,0,0,0,0,0,0,0,0,0,0,0,0,0.038461538,0,0.006493506,0,0,0,0,0,0,0,0,0,0,0,0,0,0,0,0,0,0,0,0,0,0.121212121,0,0,0,0,0,0,0,0,0
RES1,Treated,16-Jun-18,16,Jun,18,Col._3,2018Col._3,0,0.034482759,0,0,0,0,0,0,0,0,0,0,0,0,0,0,0,0.006756757,0.046271094,0,0,0,0,0,0,0,0,0,0,0,0,0,0,0,0.066666667,0,0,0,0,0,0,0,0,0,0,0,0,0,0,0,0,0,0,0,0,0,0,0,0,0,0,0,0,0,0,0,0,0,0,0,0,0,0
RES2,Treated,16-Jun-18,16,Jun,18,Col._3,2018Col._3,0,0,0,0,0,0,0,0,0,0,0,0,0,0,0,0,0,0.022804054,0.346761023,0,0,0,0,0,0.035714286,0,0,0,0,0,0,0,0,0,0,0,0,0,0,0,0,0.006493506,0,0,0,0,0,0,0,0,0,0,0,0,0,0,0,0,0,0,0,0,0.61038961,0.606060606,0,0.2,0,0,0,0,0,0,0.090909091
RES3,Treated,16-Jun-18,16,Jun,18,Col._3,2018Col._3,0.014084507,0,0,0,0,0,0,0,0,0,0,0,0,0,0,0,0,0.003378378,0.152422428,0,0,0,0,0,0,0,0,0,0,0,0,0,0.125,0,0,0,0,0,0,0.038461538,0,0,0,0,0,0,0,0,0,0.5,0,0,0,0,0,0,0,0,0,0,0.055555556,0,0.012987013,0.242424242,0,0,0,0,0,0,0,0,0.272727273
RES4,Treated,16-Jun-18,16,Jun,18,Col._3,2018Col._3,0,0,0,0,0,0,0,0,0,0,0,0,0,0,0,0,0,0.004222973,0.247142079,0,0,0,0,0,0,0,0,0,0,0,0,0,0.125,0,0,0,0,0,0,0,0,0,0,0,0,0,0,0,0,0,0,0,0,0,0,0,0,0,0,0,0,0,0.051948052,0.090909091,0,0,0,0,0,0,0,0,0.090909091
RES5,Treated,16-Jun-18,16,Jun,18,Col._3,2018Col._3,0,0,0,0,0,0,0,0,0,0,0,0,0,0,0,0,0,0.003378378,0.607512248,0,0,0,0,0,0,0,0,0,0,0,0,0,0,0,0,0,0,0,0,0,0,0,0,0,0,0,0,0,0,0,0,0,0,0,0,0,0,0,0,0,0,0,0.025974026,0.757575758,0,0,0,0,0,0,0,0,0
RES6,Treated,16-Jun-18,16,Jun,18,Col._3,2018Col._3,0.014084507,0,0,0,0,0,0,0,0,0,0,0,0,0,0,0,0,0.001689189,0.17419706,0,0,0,0,0,0.035714286,0,0,0,0,0,0,0,0,0,0,0,0,0,0,0.038461538,0,0,0,0,0,0,0,0,0,0,0,0,0,0,0,0,0,0,0,0,0.055555556,0.058823529,0,0.181818182,0,0.4,0.5,0,0,0,0,0,0
RES7,Treated,16-Jun-18,16,Jun,18,Col._3,2018Col._3,0,0,0,0,0,0,0,0,0,0,0,0,0,0,0,0,0,0.002533784,0.238976592,0,0,0,0,0,0,0,0,0,0,0,0,0,0,0,0,0,0,0,0,0.076923077,0,0,0,0,0,0,0,0,0,0,0,0,0,0,0,0,0,0,0,0,0,0.058823529,0,0.060606061,0,0,0.25,0,0,0,0,0,0
RES8,Treated,16-Jun-18,16,Jun,18,Col._3,2018Col._3,0,0,0,0,0,0,0,0,0,0,0,0,0,0,0,0,0,0,0.119216113,0,0,0,0,0,0,0,0,0,0,0,0,0,0,0,0,0,0,0,0,0.115384615,0,0,0,0,0,0,0,0,0,0,0,0,0,0,0,0,0,0,0,0,0.027777778,0,0,0,0,0,0,0,0,0,0,0,0
RESOW,Treated,16-Jun-18,16,Jun,18,Col._3,2018Col._3,0,0,0,0,0,0,0,0,0,0,0,0,0,0,0,0,0,0.000844595,0.066412629,0,0,0,0,0,0,0,0,0,0,0,0,0,0.625,0,0,0,0,0,0,0,0,0,0,0,0,0,0,0,0,0,0,0,0,0,0,0,0,0,0,0,0,0,0.038961039,0.060606061,0,0,0,0,0,0,0,0,0
UNM1,Uninvaded,16-Jun-18,16,Jun,18,Col._3,2018Col._3,0,0,0,0,0,0,0,0,0,0,0,0,0,0,0,0,0,0.005912162,0.077299946,0,0,0,0,0,0.178571429,0,0,0,0,0,0,0,0,0,0,0,0,0,0,0.038461538,0,0.006493506,0,0,0.090909091,0,0.2,0,0,0,0,0,0,0.001733102,0.033333333,0,0,0,0,0,0,0,0,0,0,0,0,0,0,0,0,0,0
UNM2,Uninvaded,16-Jun-18,16,Jun,18,Col._3,2018Col._3,0.028169014,0,0,0,0,0,0,0,0,0,0,0,0,0,0,0,0,0.000844595,0.003810561,0,0,0,0,0,0.035714286,0,0,0,0,0,0,0,0,0,0,0,0,0,0,0,0,0,0,0,0.272727273,0,0,0,0,0,0,0,0,0,0,0,0,0,0,0,0,0.058823529,0,0.03030303,0,0,0,0,0,0,0,0,0
UNM3,Uninvaded,16-Jun-18,16,Jun,18,Col._3,2018Col._3,0.014084507,0,0.5,0,0,0,0,0,0,0,0,0,0,0,0,0,0,0.000844595,0,0,0,0,0,0,0,0,0,0,0,0,0,0,0,0,0.066666667,0,0,0,0,0,0.25,0,0,0,0,0,1,0,0,0,0,0,0,0,0,0,0,0,0,0,0,0,0,0,0,0,0,0,0,0,0,0.5,0
UNM4,Uninvaded,16-Jun-18,16,Jun,18,Col._3,2018Col._3,0.014084507,0,0,0,0,0,0,0,0,0,0,0,0,0,0,0,0,0.032939189,0.001088732,0,0,0,0,0,0.392857143,0,0,0,0,0,0,0,0,0,0,0,0,0,0,0,0.5,0.006493506,0,0,0.090909091,0,0,0,0,0,0,0,0,0.022530329,0,0,0,0,0,0,0,0.352941176,0,0,0,0,0,0,0,0,0,0,0
UNM5,Uninvaded,16-Jun-18,16,Jun,18,Col._3,2018Col._3,0,0,0,0,0,0,0,0,0,0,0,0,0,0,0,0,0,0,0.001088732,0,0,0,0,0,0.035714286,0,0,0,0,0,0,0,0,0,0,0,0,0,0,0,0,0.006493506,0,0,0,0,0,0,0,0,0,0,0,0.000866551,0,0,0,0,0,0,0,0,0,0,0,0,0,0,0,0,0,0,0
UNM6,Uninvaded,16-Jun-18,16,Jun,18,Col._3,2018Col._3,0.056338028,0,0,0,0.2,0,0,0,0,0,0,0,0,0,0,0,0,0,0.005443658,0,0,0,0,0,0.071428571,0,0,0,0,0,0,0,0,0,0,0,0,0,0,0,0,0.006493506,0,0,0,0,0.2,0,0,0,0,0,0,0,0,0,0,0,0,0,0,0.058823529,0,0,0,0.2,0,0,0,0,0,0,0
UNOW,Uninvaded,16-Jun-18,16,Jun,18,Col._3,2018Col._3,0,0,0,0,0,0,0,0,0,0,0,0,0,0,0,0,0,0,0.237343495,0,0,0,0.333333333,0,0,0,0,0,0,0,0,0,0,0,0,0,0,0,0,0.038461538,0,0,0,0,0,0,0,0,0,0,0,0,0,0,0,0,0,0,0,0,0,0,0.038961039,0.212121212,0,0,0.25,0,0,0,0,0,0
UNT1,Uninvaded,16-Jun-18,16,Jun,18,Col._3,2018Col._3,0,0,0,0,0,0,0,0,0,0,0,0,0,0,0,0,0,0.004222973,0.001633097,0.018518519,0,0,0,0,0,0,0,0,0,0,0,0,0,0,0,0,0,0,0.333333333,0,0,0,0,0,0,0,0,0,0,0,0,0,0,0,0,0,0,0,0,0,0,0,0,0,0,0,0,0.058823529,0,0,0,0,0
UNT2,Uninvaded,16-Jun-18,16,Jun,18,Col._3,2018Col._3,0.028169014,0,0,0,0,0,0,0,0,0,0,0,0,0,1,0,0,0.000844595,0.003810561,0.018518519,0,0,0,0,0,0,0,0,0,0,0,0,0,0,0.066666667,0,0,0.625,0,0,0,0.006493506,0,0,0,0,0,0,0,0,0,0,0,0,0,0,0,0,0,0,0,0,0,0,0,0,0,0,0.157894737,0,0,0.5,0
IN1,Invaded,25-Jun-18,25,Jun,18,Col._4,2018Col._4,0.028169014,0,0,0,0,0.2,0,0,0,0,0,0,0,0,0,0,0,0,0.003810561,0.018518519,0,0,0,0,0,0,0,0,0,0,0,0,0,0,0,0,0,0,0,0,0,0,0,0,0,0,0,0,0,0,0,0,0,0,0,0,0,0,0,0,0.055555556,0,0,0.03030303,0,0,0,0,0,0,0,0,0
IN2,Invaded,25-Jun-18,25,Jun,18,Col._4,2018Col._4,0,0,0,0,0,0.2,0,0,0,0,0,0,0,0,0,0,0,0,0.000544366,0.018518519,0,0,0,0,0,0,0,0,0,0,0,0,0,0,0,0,0,0,0,0,0,0,0,0,0,0,0,0,0,0,0,0,0,0,0,0,0,0,0,0,0.083333333,0.058823529,0,0,0,0,0,0,0,0,0,0,0
IN3,Invaded,25-Jun-18,25,Jun,18,Col._4,2018Col._4,0,0,0,0,0,0,0,0,0,0,0,0,0,0,0,0,0,0,0.009254219,0.018518519,0,0,0,0,0,0,0,0,0,0,0,0,0,0,0,0,0,0,0,0,0,0.006493506,0,0,0,0,0,0,0.5,0,0,0,0,0,0,0,0,0,0,0,0,0,0,0,0,0,0,0,0,0,0,0,0
IN4,Invaded,25-Jun-18,25,Jun,18,Col._4,2018Col._4,0,0,0,0,0,0.2,0,0,0,0,0,0,0,0,0,0,0,0.000844595,0.011431682,0,0,0,0,0,0,0,0,0,0,0,0,0,0,0,0,0,0,0,0,0,0,0,0,0,0,0,0,0,0,0,0,0,0,0,0,0,0,0,0,0,0,0,0,0.03030303,0,0,0,0,0,0,0,0,0
IN5,Invaded,25-Jun-18,25,Jun,18,Col._4,2018Col._4,0.014084507,0,0,0,0,0,0,0,0,0,0,0,0,0,0,0,0,0,0.001088732,0.277777778,0.111111111,0,0,0,0,0,0,0,0,0,0,0,0,0,0,0,0,0,0,0,0,0,0,0,0,0,0,0,0,0,0,0,0,0,0.033333333,0,0,0,0,0,0.055555556,0,0,0,0,0,0.25,0,0,0,0,0,0
IN6,Invaded,25-Jun-18,25,Jun,18,Col._4,2018Col._4,0.042253521,0,0,0,0,0,0,0,0.2,0,0,0,0,0,0,0,0,0,0.005443658,0,0,0,0,0,0,0,0,0,0,0,0,0,0,0,0,0,0,0,0,0,0,0,0,0.666666667,0,0,0,0,0,0,0,0,0,0,0,0,0,0,0,0,0,0.058823529,0,0.03030303,0,0,0,0,0,0,0,0,0
IN7,Invaded,25-Jun-18,25,Jun,18,Col._4,2018Col._4,0.056338028,0,0,0,0,0,0,0,0.6,0,0,0,0,0,0,0,0,0,0,0.018518519,0,0,0,0,0.178571429,0,0,0,0,0,0,0,0,0,0,0,0,0,0,0,0,0,0,0,0,0,0,0,0,0,0,0,0,0,0,0,0,0,0,0,0.055555556,0,0,0,0,0,0,0,0,0,0,0.5,0
IN8,Invaded,25-Jun-18,25,Jun,18,Col._4,2018Col._4,0,0,0,0,0,0.2,0,1,0,0,0,0,0,0,0,0,0,0,0.007621121,0.018518519,0,0,0,0,0.035714286,0,0,0,0,0,0,0,0,0,0,0,0,0,0,0,0,0,0,0,0,0,0,0,0,0,0,0,0,0,0,0,0,0,0,0,0.055555556,0,0,0,0,0,0,0,0,0,0,0,0
INOW,Invaded,25-Jun-18,25,Jun,18,Col._4,2018Col._4,0,0,0,0,0,0,0,0,0,0,0,0,0,0,0,0,0,0,0.028307022,0,0,0,0,0,0,0,0,0,0,0,0,0,0,0,0,0,0,0,0,0,0,0,0,0,0,0,0,0,0,0,0,0,0,0,0,0,0,0,0,0,0,0,0.012987013,0,0,0,0,0,0,0,0,0,0
RES1,Treated,25-Jun-18,25,Jun,18,Col._4,2018Col._4,0.014084507,0,0,0,0,0,0,0,0,0,0,0,0,0,0,0,0,0.002533784,0.035928144,0,0,0,0,0,0.035714286,0,0,0,0,0,0,0,0,0,0,0,0,0,0,0,0,0.006493506,0,0,0,0,0,0,0,0,0,0,0,0,0,0,0,0,0,0,0,0,0,0,0,0,0,0,0,0,0,0,0
RES2,Treated,25-Jun-18,25,Jun,18,Col._4,2018Col._4,0,0,0,0,0,0,0,0,0,0,0,0,0,0,0,0,0,0.008445946,0.15078933,0,0,0,0,0,0.071428571,0,0,0,0,0,0,0,0,0,0,0,0,0,0,0,0,0,0,0,0.090909091,0,0,0,0,0,0,0,0,0,0,0,0,0,0,0,0.027777778,0,0.116883117,0.333333333,0,0,0,0,0,0,0,0,0
RES3,Treated,25-Jun-18,25,Jun,18,Col._4,2018Col._4,0,0,0,0,0,0,0,0,0,0,0,0,0,0,0,0,0,0.003378378,0.065323898,0,0,0,0,0,0,0,0,0,0,0,0,0,0,0,0,0,0,0,0,0,0,0,0,0,0,0,0,0,0,0,0,0,0,0,0,0,0,0,0,0.5,0,0,0,0.03030303,0,0,0,0,0,0,0,0,0
RES5,Treated,25-Jun-18,25,Jun,18,Col._4,2018Col._4,0,0,0,0,0,0,0,0.5,0,0,0,0,0,0,0,0,0,0.000844595,0.28089276,0,0,0,0,0,0,0,0,0,0,0,0,0,0,0,0,0,0,0,0,0,0,0,0,0,0,0,0,0,0,0,0,0,0,0.000866551,0,0,0,0,0,0,0,0,0.077922078,0.212121212,0,0,0,0,0,0,0,0,0
RES6,Treated,25-Jun-18,25,Jun,18,Col._4,2018Col._4,0,0,0,0,0,0,0,0,0,0,0,0,0,0,0,0,0,0,0.128470332,0,0,0,0,0,0,0,0,0,0,0,0,0,0,0,0,0,0,0,0,0,0,0,0,0,0,0,0,0,0,0,0,0,0,0.000866551,0,0,0,0,0.142857143,0,0,0,0,0.303030303,0,0,0.5,0,0,0,0,0,0
RES7,Treated,25-Jun-18,25,Jun,18,Col._4,2018Col._4,0,0,0,0,0,0,0,0,0,0,0,0,0,0,0,0,0,0.001689189,0.093086554,0,0,0,0,0,0,0,0,0,0,0,0,0,0,0,0,0,0,0,0,0.038461538,0,0,0,0,0,0,0,0,0,0,0,0,0,0,0,0,0,0,0,0,0,0,0,0.151515152,0,0,0,0,0,0,0,0,0
RES8,Treated,25-Jun-18,25,Jun,18,Col._4,2018Col._4,0,0,0,0,0,0,0,0,0,0,0,0,0,0,0,0,0,0.000844595,0.128470332,0,0,0,0,0,0,0,0,0,0,0,0,0,0,0,0,0,0,0,0,0,0,0,0,0,0,0,0,0,0,0,0,0,0,0,0,0,0,0,0,0,0.055555556,0,0.012987013,0,0,0,0,0,0,0,0,0,0
UNM1,Uninvaded,25-Jun-18,25,Jun,18,Col._4,2018Col._4,0.028169014,0,0,0,0,0,0,0,0.2,0,0,0,0.2,0,0,0,0,0.011824324,0.098530212,0,0,0,0,0,0.178571429,0,0,0,0,0,0,0,0,0,0,0,0,0,0,0,0,0.006493506,0,0,0,0,0,0,0,0,0,0,0,0.000866551,0,0,0,0,0,0,0,0.352941176,0,0,0,0,0,0,0,0,0,0,0
UNM2,Uninvaded,25-Jun-18,25,Jun,18,Col._4,2018Col._4,0,0,0,0,0,0,0,0.5,0,0,0,0,0,0,0,0,0,0.003378378,0.011431682,0,0,0,0,0,0,0,0,0,0,0,0,0,0,0,0,0,0,0,0,0,0,0.006493506,0,0,0,0,0,0.5,0,0,0,0,0,0,0,0,0.25,0,0,0,0,0,0,0.03030303,0,0,0,0,0,0,0,0,0
UNM3,Uninvaded,25-Jun-18,25,Jun,18,Col._4,2018Col._4,0,0,0,0,0,0,0,0,0,0,0,0,0,0,0,0,0,0.000844595,0.003810561,0,0,0,0,0,0,0,0,0,0,0,0,0,0,0,0,0,0,0,0,0,0,0,0,0,0,0,0,0,0,0,0,0,0,0,0.033333333,0,0,0,0,0,0,0.058823529,0,0,0,0,0,0,0,0,0,0,0
UNM4,Uninvaded,25-Jun-18,25,Jun,18,Col._4,2018Col._4,0,0,0,0,0,0,0,0,0,0,0,0,0,0,0,0,0,0.004222973,0.004354927,0,0,0,0,0,0.285714286,0,0,0,0,0,0,0,0,0,0.066666667,0,0,0,0,0,0,0,0,0,0,0,0,0,0,0,0,0,0,0.072790295,0,0,0,0,0,0,0,0.176470588,0,0,0,0,0,0,0,0,0,0,0
UNM5,Uninvaded,25-Jun-18,25,Jun,18,Col._4,2018Col._4,0.014084507,0,0,0,0,0,0,0,0,0,0,0,0,0,0,0,0,0.000844595,0.002177463,0,0,0,0,0,0,0,0,0,0,1,0,0,0.125,0,0.066666667,0,0,0,0,0.038461538,0,0,0,0,0,0,0,0,0,0,0,0,0,0.008665511,0,0,0,0,0,0,0,0.058823529,0,0,0,0,0.25,0,0,0,0,0,0
UNM6,Uninvaded,25-Jun-18,25,Jun,18,Col._4,2018Col._4,0.14084507,0,0,0,0.4,0,0,0,0.2,0.2,0,0,0,0,0,0.5,0,0,0.02340773,0,0,0,0,0,0.071428571,0,0,0,0,0,0,0,0,0,0,0,0,0,0,0,0,0.006493506,0,0.333333333,0,0,0.2,0,0,0,0,0,0,0,0.066666667,0,0,0,0,0,0,0,0,0,0,0,0.25,0,0,0,0,0,0
UNOW,Uninvaded,25-Jun-18,25,Jun,18,Col._4,2018Col._4,0,0,0,0,0,0,0,0,0,0,0,0,0,0,0,0,0,0.005067568,0.077299946,0,0,0,0,0,0,0,0,0,0,0,0,0,0,0,0,0,0,0,0,0,0,0,0,0,0,0,0,0,0,0,0,0,0,0,0,0,0,0,0,0,0.027777778,0,0.155844156,0.090909091,0,0.2,0,0,0,0,0,0,0
UNT1,Uninvaded,25-Jun-18,25,Jun,18,Col._4,2018Col._4,0,0,0,0,0,0,0,0,0,0,0,0,0,0,0,0,0,0,0.001633097,0.12962963,0,0,0,0,0,0,0,0,0,0,0,0,0,0,0,0,0,0,0,0,0,0.025974026,0,0,0,0,0,0,0,0,0,0,0,0.001733102,0,0,0,0,0,0,0,0.117647059,0,0,0,0,0,0,0,0,0,0,0
UNT2,Uninvaded,25-Jun-18,25,Jun,18,Col._4,2018Col._4,0,0,0,0,0,0,0,0,0,0,0,0,0,0,0,0,0,0,0.001088732,0,0,0,0,0,0.035714286,0,0,0,0,0,0,0,0,0,0,0,0,0,0.333333333,0,0,0.012987013,0,0,0,0,0,0,0,0,0,0,0,0,0,0,0,0,0,0.5,0,0,0,0,0,0,0,0,0.50877193,0.03125,0,0.5,0
IN1,Invaded,04-Jul-18,4,Jul,18,Col._5,2018Col._5,0.042253521,0,0,0,0.4,0.2,0,0,0,0,0,0,0,0.333333333,0.5,0.5,0,0,0.034295046,0,0,0,0,0,0.142857143,0.333333333,0,0,0,0,0,0,0,0,0,0,0,0,0,0,0,0,0,0,0,0,0,0,0,0,0,0,0,0,0.033333333,0,0,0,0,0,0,0,0,0.060606061,0,0,0,0,0,0,0,0,0
IN2,Invaded,04-Jul-18,4,Jul,18,Col._5,2018Col._5,0.042253521,0,0,0,0,0.2,0,0,0.2,0,0,0,0,0,0,0,0,0,0.002721829,0.222222222,0,0,0,0,0.285714286,0,0,0,0,0,0,0,0,0,0,0,0,0,0,0,0,0,0,0,0,0,0,0,0,0,0,0,0,0,0,0,0,0,0,0,0.194444444,0.058823529,0,0,0,0,0,0,0.035087719,0,0,0,0
IN3,Invaded,04-Jul-18,4,Jul,18,Col._5,2018Col._5,0,0,0,0,0,0,0,0,0,0,0,0,0,0,0,0,0,0,0.038649973,0,0,0,0,0,0.035714286,0,0,0,0,0,0,0,0,0,0,0,0,0,0,0,0,0,0,0,0,0,0,0,0,0,0,0,0,0,0.066666667,0,0,0,0,0,0,0,0,0,0,0,0.25,0,0,0,0,0,0
IN3,Invaded,04-Jul-18,4,Jul,18,Col._5,2018Col._5,0,0,0,0,0,0.4,0,0,0.2,0,0,0,0,0,0,0.5,0.090909091,0,0.09363092,0.037037037,0,0,0,0,0,0,0,0,0.2,0,0,0,0,0,0,0,0.111111111,0.375,0,0,0,0,0,0.333333333,0,0,0,0,0,0,0,0,0,0.002599653,0.033333333,0,0,0,0.428571429,0.5,0.027777778,0.058823529,0,0,0,0,0,0,0,0,0,0,0
IN5,Invaded,04-Jul-18,4,Jul,18,Col._5,2018Col._5,0.014084507,0,0,0,0,0,0,1,0.2,0.2,0,0,0,0,0,0,0,0,0.022863364,0.648148148,0.111111111,0,0,0,0,0,0,0,0,0,0,0,0,0,0,0,0,0,0,0,0,0,0,0,0,0,0,0,0,0,0,0,0,0,0,0,0,0,0,0.5,0.416666667,0,0,0.060606061,0,0,0,0,0.035087719,0,0,0,0
IN6,Invaded,04-Jul-18,4,Jul,18,Col._5,2018Col._5,0.042253521,0,0,0,0,0,0,0,0,0,0,0,0,0,0,0,0,0,0.021230267,0,0,0,0,0,0.035714286,0,0,0,0,0,0,0,0,0,0,0,0,0,0,0,0,0,0,0,0.090909091,0,0,0,0,0,0,0,0,0,0,0,0,0,0.714285714,0,0.027777778,0,0,0.060606061,0,0,0,0,0,0,0,0,0
IN7,Invaded,04-Jul-18,4,Jul,18,Col._5,2018Col._5,0.042253521,0,0,0,0,1,0,0.5,0,0,0,0,0,0,0,0,0,0,0.003266195,0.018518519,0,0,0,0,0.25,0,0,0,0,0,0,0,0,0,0,0,0,0,0,0,0,0,0,0,0,0,0.2,0,0,0,0,0,0,0,0,0,0,0,0.142857143,0,0.055555556,0,0,0.060606061,0,0,0,0,0.298245614,0,0,0,0
IN8,Invaded,04-Jul-18,4,Jul,18,Col._5,2018Col._5,0.084507042,0,0,0,0,0.4,0,0,0,0.2,0,0,0,0,0,0,0,0,0.051170386,0.074074074,0,0,0,0,0.25,0,0,0,0,0,0,0,0,0,0.066666667,0,0,0,0,0,0,0,0,0,0,0,0,0,0,0,0,0,0,0,0,0,0,0,0.285714286,0,0.111111111,0,0,0,0,0,0,0,0.070175439,0,0,0,0
INOW,Invaded,04-Jul-18,4,Jul,18,Col._5,2018Col._5,0,0,0,0,0,0,0,0,0,0,0,0,0,0,0,0,0,0.001689189,0.008709853,0,0,0,0,0,0,0.333333333,0,0,0,0,0,0,0,0,0,0,0,0,0,0,0,0,0,0,0,0,0,0,0,0,0,0,0,0,0,0,0,0,0,0,0,0,0.051948052,0,0,0,0,0,0,0,0,0,0
RES1,Treated,04-Jul-18,4,Jul,18,Col._5,2018Col._5,0,0,0,0,0,0,0,0,0,0,0,0,0,0,0,0,0,0.000844595,0.008709853,0,0,0,0,0,0.035714286,0,0,0,0,0,0,0,0,0,0,0,0,0,0,0,0,0,0,0,0,0,0,0,0,0,0,0,0,0,0.033333333,0,0,0,0,0,0,0,0.012987013,0,0,0,0,0,0,0,0,0,0
RES2,Treated,04-Jul-18,4,Jul,18,Col._5,2018Col._5,0.028169014,0,0,0,0,0,0,0,0,0,0,0,0,0,0,0,0,0.000844595,0.084376701,0,0,0,0,0,0.142857143,0,0,0,0,0.5,0,0,0,0,0,0,0.111111111,0,0,0,0,0,0,0,0,0,0,0,0,0,0,0,0,0,0,0,0,0,0,1,0,0.058823529,1,0.090909091,0,0,0,0,0,0,0,0,0
RES3,Treated,04-Jul-18,4,Jul,18,Col._5,2018Col._5,0,0,0,0,0,0,0,0,0.4,0,0,0,0,0,0,0,0,0,0.052259118,0,0,0,0,0,0,0,0,0,0,0,0,0,0,0,0,0.133333333,0.111111111,0,0,0.038461538,0,0,0,0,0,0,0,0,0,0,0,0,0,0,0,0,0,0,0,0,0,0,0,0.121212121,0,0,0,0,0,0,0,0,0
RES4,Treated,04-Jul-18,4,Jul,18,Col._5,2018Col._5,0,0,0,0,0,0,0,0,0,0,0,0,0,0,0,0,0,0,0.010887316,0,0,0,0,0,0,0,0,0,0,0,0,0,0,0,0,0,0,0,0,0,0,0,0,0,0,0,0,0,0,0,0,0,0.5,0,0,0,0,0,0,0,0,0,0.064935065,0,0,0,0,0,0,0,0,0,0
RES5,Treated,04-Jul-18,4,Jul,18,Col._5,2018Col._5,0.042253521,0,0,0,0,0,0,0,0,0,0,0,0,0,0,0,0,0,0.113772455,0,0,0,0,0,0.035714286,0,0,0,0,0,0,0,0,0,0,0,0,0,0,0,0,0,0,0,0,0,0,0,0,0,0,0,0,0,0,0,0,0,0,0,0,0.058823529,0.142857143,0.121212121,0,0,0,0,0,0,0,0,0
RES6,Treated,04-Jul-18,4,Jul,18,Col._5,2018Col._5,0.042253521,0,0,0,0.2,0,0,0,0,0,0,0,0.2,0,0,0,0,0.000844595,0.16385411,0,0,0,0,0,0,0,0,0,0,0,0,0,0,0,0,0,0,0,0,0,0,0,0,0,0,0,0,0,0,0,0,0,0,0,0,0.5,0,0,0.142857143,0,0,0.117647059,0,0.212121212,0,0,1,0,0,0,0,0,0.090909091
RES7,Treated,04-Jul-18,4,Jul,18,Col._5,2018Col._5,0,0,0,0,0,0,0,0,0,0,0,0,0,0,0,0,0,0,0.050081655,0,0,0,0,0,0,0,0,0,0,0,0,0,0,0,0.133333333,0,0,0,0,0,0,0,0,0,0,0,0,0,0,0,0,0,0.5,0,0,0,0,0,0,0,0,0,0.012987013,0.666666667,0,0,0,0,0,0,0,0,0
RES8,Treated,04-Jul-18,4,Jul,18,Col._5,2018Col._5,0,0,0,0,0,0,0,0,0,0,0,0,0,0,0,0,0,0,0.021774633,0,0,0,0,0,0,0,0,0,0,0,0,0,0.125,0,0,0,0,0,0,0.038461538,0,0,0,0,0,0,0,0,0,0,0,0,0,0,0,0,0,0,0,0,0,0,0,0.060606061,0,0,0,0,0,0,0,0,0
RESOW,Treated,04-Jul-18,4,Jul,18,Col._5,2018Col._5,0.014084507,0,0,0,0,0,0,0,0,0,0,0,0,0,0,0,0,0,0.005443658,0,0,0,0,0,0.035714286,0,0,0,0,0,0,0,0,0,0,0.066666667,0,0,0,0,0,0,0,0,0,0,0,0,0,0,0,0,0,0,0,0,0,0,0,0,0,0,0.012987013,0,0,0,0,0,0,0,0,0,0
UNM1,Uninvaded,04-Jul-18,4,Jul,18,Col._5,2018Col._5,0,0,0,0,0,0,0,0.5,0.2,0.2,0,0,0.4,0,0.5,0,0,0.008445946,0.186173108,0,0,0,0,0,0,0,0,0,0,0,0,0,0,0,0,0,0,0,0,0.038461538,0,0,0,0,0,0,0,0,0,0,0,0,0,0.001733102,1,0,0,0,0,0,0.027777778,0,0,0.03030303,0,0,0,0,0,0,0,0,0.090909091
UNM2,Uninvaded,04-Jul-18,4,Jul,18,Col._5,2018Col._5,0,0,0,0,0.2,0,0,0,0,0,0,0,0,0,0.5,0,0,0,0.039194339,0,0,0,0,0,0,0,0,0,0,0,0,0,0,0,0,0,0,0,0,0,0,0,0,0.333333333,0,0,0,0,0,0,0,0,0,0,0.033333333,0,0,0,0,1,0,0,0,0.03030303,0,0,0,0,0,0,0,0,0
UNM3,Uninvaded,04-Jul-18,4,Jul,18,Col._5,2018Col._5,0.042253521,0,0,0,0,0,0,0,0,0.2,0,0,0,0,0,0,0,0,0.005988024,0,0,0,0,0,0,0,0,0,0,0,0,0,0,0,0.066666667,0,0,0,0,0,0,0,0,0,0.090909091,0,0.2,0,0,0,0,0,0,0,0.2,0,0,0,0,0,0,0,0,0,0,0,0,0,0,0,0,0,0
UNM4,Uninvaded,04-Jul-18,4,Jul,18,Col._5,2018Col._5,0,0,0,0,0,0,0,0,0,0,0,0,0,0,0,0,0,0,0.002721829,0,0,0,0,0,0.035714286,0,0,0,0,0,0,0,0,0,0,0,0,0,0,0.038461538,0,0,0,0.333333333,0,0,0,0.5,0,0,0,1,0,1,0,0,0,0,0,0,0,0.882352941,0,0,0,0,0,0,0,0,0,0,0
UNM5,Uninvaded,04-Jul-18,4,Jul,18,Col._5,2018Col._5,0,0,0,0,0,0,0,0.5,0,0.2,0,0,0,0,0,0,0,0,0.007621121,0,0,0,0,0,0.035714286,0,0,0,0,0.5,0,0,0,0,0,0,0,0,0,0.076923077,0,0,0.333333333,0,0,0,0,0,0,0,0,0,0,0.01559792,0.3,0,0.5,0,0,0,0,0,0,0,0,0,0,0,0,0,0.333333333,0,0
UNM6,Uninvaded,04-Jul-18,4,Jul,18,Col._5,2018Col._5,0.028169014,0,0,0,0,0,0,0,0,0,0,0,0,0,0,0,0,0,0.086009799,0,0,0,0,0,0.035714286,0,0,0,0,0,0,0,0,0,0,0,0.444444444,0,0,0,0,0,0,0,0.090909091,0,0,0,0,0,0,0,0,0,0,0,0.5,0,0,0,0,0.058823529,0,0,0,0.4,0,0,0,0,0,0,0
UNOW,Uninvaded,04-Jul-18,4,Jul,18,Col._5,2018Col._5,0,0,0,0,0,0,0,0,0,0,0,0,0,0,0,0,0,0.001689189,0.043004899,0,0,0,0,0,0,0,0,0,0,0,0,0,0,0,0,0,0,0,0,1,0,0,0,0,0,0,0,0,0,0,0,0,0,0,0,0,0,0,0,0,0,0,0.142857143,0.090909091,0,0.4,0,0,0,0,0,0,0
UNT1,Uninvaded,04-Jul-18,4,Jul,18,Col._5,2018Col._5,0,0,0,0,0,0,0,0,0,0,0,0,0,0,0,0,0,0,0.007621121,0.148148148,0,0,0,0,0,0,0,0,0,0,0,0,0,0,0,0,0,0,0.333333333,0,0,0,0,0,0,0,0,0,0,0,0,0,0,0,0,0,0,0,0,0,0,0.117647059,0,0,0,0,0,0,0.140350877,0.25,0,1,0
UNT2,Uninvaded,04-Jul-18,4,Jul,18,Col._5,2018Col._5,0.028169014,0,0,0,0,0,0,0,0,0,0,0,0,0,0,0,0,0,0.000544366,0.111111111,0,0,0,0,0,0,0,0,0,0,0,0,0,0,0,0,0,0,0,0,0,0.006493506,0,0.333333333,0,0,0,0,0,0,0,0,0,0,0,0,0,0,0,0,0,0.058823529,0.012987013,0,0,0,0,0,0.157894737,0,0,0,0
IN1,Invaded,23-Jul-18,23,Jul,18,Col._6,2018Col._6,0.028169014,0,0,0,0.4,0.2,0,0.5,0,0.2,0,0,0,0,0,0,0,0,0.001633097,0,0,0,0,0,0.107142857,0,0,0,0,0,0,0,0,0,0,0,0,0,0,0,0,0,0,0,0,0,0,0,0.5,0,0,0,0,0,0,0,0,0,0,0,0,0,0,0,0,0,0,0,0,0,0,0,0
IN2,Invaded,23-Jul-18,23,Jul,18,Col._6,2018Col._6,0.070422535,0,0,0,0.2,0.6,0,0.5,0,0,0,0,0,1,0,0,0,0,0.009254219,0.444444444,0,0,0,0,1,0,0,0,0,0,0,0,0,0,0,0,0,0,0.333333333,0,0,0,0,0,0,0,0,0,0,0,0,0,0,0,0.6,0,0,0,0.285714286,0,0.055555556,0,0,0.121212121,0,0,0,0,0.105263158,0,0,0,0
IN3,Invaded,23-Jul-18,23,Jul,18,Col._6,2018Col._6,0,0,0,0,0,0,0,0,0,0,0,0,0,0,0,0,0.090909091,0,0.035928144,0.055555556,0,0,0,0,0.035714286,0,0,0,0,0,0,0,0,0,0.066666667,0,1,0.375,0,0,0,0,0,0,0,0,0,0,0,0,0,0,0,0.002599653,0.1,0,0,0,0,1,0,0,0,0,0,0,0,0,0,0,0,0,0
IN4,Invaded,23-Jul-18,23,Jul,18,Col._6,2018Col._6,0,0,0,0,0,0,0,0,0.2,0,0,0,0,0,0,0,0,0.001689189,0.161676647,0,0,0.727272727,0,0,0.035714286,0,0,0,0,0,0,0,0,0,0,0,0.111111111,0,0,0.038461538,0,0,0,0.333333333,0.090909091,0,0.2,0,0,0,0,0,0,0,0.933333333,0,0,0,0.857142857,0,0,0,0,0.060606061,0,0,0,0,0.175438596,0,0,0,0.090909091
IN6,Invaded,23-Jul-18,23,Jul,18,Col._6,2018Col._6,0.126760563,0,0,0,0,0.4,0,0,0.2,0.2,0,0,1,0.333333333,0,0,0,0,0.002721829,0.074074074,0,0,0,0,0.071428571,0.333333333,0,0,0,0,0,0,0,0,0.066666667,0,0,0,0,0,0,0,0,0,0,0,0,0,0,0,0,0,0,0,0.066666667,0,0,0,1,0,0.027777778,0,0.012987013,0.03030303,0,0,0,0,0.01754386,0,0,0,0
IN6,Invaded,23-Jul-18,23,Jul,18,Col._6,2018Col._6,0.028169014,0,0,0,0,0,0,0,0,0,0,0,0,0,0,0,0,0,0.007076756,0,0,0,0,0,0,0,0,0,0,0,0,0,0,0,0,0,0,0,0,0,0,0,0,0,0,0,0,0,0,0,0,0,0,0,0.033333333,0,0,0,1,0,0,0,0.064935065,0,0,0,0,0,1,0,0,0,0
IN7,Invaded,23-Jul-18,23,Jul,18,Col._6,2018Col._6,0.112676056,0,0,0,0,0,0,0,0.6,0,0,0,0,0,0,0.5,0.272727273,0,0.055525313,1,1,0,0,0,0.035714286,0,0,0,0,0,0,0,0,0,0,0,0.444444444,0.25,0,0,0,0,0,0.333333333,0,0,0,0,0,0,0,0,0,0,0.233333333,0.5,0,0,0.285714286,1,0.222222222,0,0,0.090909091,0,0,0.5,0,0.122807018,0.03125,0,0,0
IN8,Invaded,23-Jul-18,23,Jul,18,Col._6,2018Col._6,0.098591549,0,0,0,0,0.2,0,1,0,0.2,0,0,0.2,0,0,0,0,0,0.020685901,0.092592593,0,0,0,0,0.071428571,0,0,0,0,0,0,0,0,0,0,0,0,0,0,0,0,0,0,0,0,0,0,0.5,0,0,0,0,0,0,0,0,0,0,0.714285714,0,0.027777778,0,0.077922078,0,0,0,0,0,0.01754386,0,0,0,0
INOW,Invaded,23-Jul-18,23,Jul,18,Col._6,2018Col._6,0.183098592,0,0,0,0,0,0,0,0,0,0,0,0.2,0,0,0,0,0,0.007621121,0,0,0,0,0,0.035714286,0,0,0,0,0,0,0.142857143,0,0,0,0.533333333,0,0,0,0.423076923,0,0,0,0,0,0,0,0,0,0,0.5,0,0,0,0,0,0,0,0,0,0,0,0.038961039,0.060606061,0,0,0,0,0,0.03125,0,0,0
RES1,Treated,23-Jul-18,23,Jul,18,Col._6,2018Col._6,0.014084507,0,0,0,0,0,0,0,0,0,0,0,0,0,0,0,0,0,0.002177463,0,0,0,0,0,0,0,0.5,0,0,0,0,0,0,0,0,0,0,0,0,0,0,0,0,0,0,0,0,0,0,0,0,0,0,0,0,0,0,0,0,0,0,0,0,0,0,0,0,0,0,0,0,0,0
RES2,Treated,23-Jul-18,23,Jul,18,Col._6,2018Col._6,0.014084507,0,0,0,0,0,0,0,0,0,0,0,0,0,0,0,0,0.000844595,0.035383778,0,0,0,0,0,0.25,0,1,0,0,0,0,0,0,0,0,0,0,0,0,0,0,0,0.333333333,0,0,0,0,0,0,0,0,0,0,0,0,0,0,0,0.714285714,0,0.138888889,0,0.701298701,0.090909091,0,0,0,0,0,0,0,0,1
RES3,Treated,23-Jul-18,23,Jul,18,Col._6,2018Col._6,0,0,0,0,0,0,0,0,0,0,0,0,0,0,0,0,0,0.000844595,0.033206315,0,0.111111111,0,0,0,0,0,0,0,0,0,0,0,0,0,0,0.2,0.111111111,0,0,0,0.25,0,0,0,0,0,0,0,0,0,0,0,0,0,0,0,0,0,0,0,0,0,0.012987013,0,0,0,0,0,0,0,0,0,0
RES4,Treated,23-Jul-18,23,Jul,18,Col._6,2018Col._6,0,0,0,0,0,0,0,0,0,0,0,0,0,0,0,0,0,0,0.004354927,0,0,0,0,0,0.035714286,0,0,0,0,0,0,0,0,0,0,0,0,0,0,0,0,0,0,0,0,0.5,0,0,0,0,0,0,0,0,0,0,0,0,0,0,0,0,0.038961039,0,0,0,0,0,0,0,0,0,0.090909091
RES5,Treated,23-Jul-18,23,Jul,18,Col._6,2018Col._6,0.042253521,0,0,0,0,0,0,0,0,0,0,0,0,0,0,0,0,0.007601351,0.05988024,0,0,0,0,0,0,0,0.5,0,0,0,0,0,0,0,0,0,0,0,0,0,0,0,0,0,0,0,0,0,0,0,0,0,0,0.000866551,0,0,0,0,0,0,0.027777778,0,0.038961039,0.03030303,0,0,0,0,0,0,0,0,0
RES6,Treated,23-Jul-18,23,Jul,18,Col._6,2018Col._6,0.197183099,0,0,0,0,0,0,0,0,0,0,0,0,0,0,0,0.090909091,0,0.017964072,0,0,0,0,0,0,0,0,0,0,0,0,0,0,0,0,0,0,0,0,0,0,0,0,0,0,0,0,0,0,0,0,0,0,0,0,0,0,0,0.142857143,0,0,0,0.012987013,0.03030303,0,0,0,0,0,0,0,0,0
RES7,Treated,23-Jul-18,23,Jul,18,Col._6,2018Col._6,0.042253521,0,0,0,0.2,0,0,0,0,0,0,0,0,0,0,0,0,0.002533784,0.009254219,0,0,0,0,0,0,0,0.5,0,0,0,0,0,0,0,0,0,0,0,0,0,0,0,0,0,0,0,0,0,0,0,0,0,0,0,0,0,0,0,0.142857143,0,0,0.058823529,0.038961039,0.151515152,0,0,0,0,0,0,0,0,0
RES8,Treated,23-Jul-18,23,Jul,18,Col._6,2018Col._6,0.042253521,0,0,0,0,0,0,0,0,0,0,0,0,0,0,0,0,0,0.003266195,0,0,0,0,0,0,0,0,0,0,0,0,0,0,0,0,0,0,0,0,0,0,0,0,0,0,0,0,0,0,0,0,0,0,0,0,0,0,0,0,0,0,0,0.012987013,0,0,0,0,0,0,0,0,0,0
RESOW,Treated,23-Jul-18,23,Jul,18,Col._6,2018Col._6,0.507042254,0,0,0,0,0,0,0.5,0.2,0,0,0,0.2,0,0,0,0,0,0.014697877,0,0,0,0,0,0.107142857,0,0,0,0,0,0,0,0,0,0,1,0,0,0,0.115384615,0,0,0,0,0,0,0,0.5,0,0,0,0,0,0,0.033333333,0,0,0,0,0,0,0,0.090909091,0.03030303,0,0.2,0,0,0,0,0,0,0
UNM1,Uninvaded,23-Jul-18,23,Jul,18,Col._6,2018Col._6,0.056338028,0,0,0,0,0,0,0,1,0.4,0,0,0,0,0,0,0,0.000844595,0.199237888,0,0,0,0,0,0,0.333333333,0,0,0,0,0,0,0,0,0,0,0,0,0,0,0,0,0,0,0,0,0,0,0,0,0,0,0,0.000866551,0.033333333,0,0,0,0,0,0,0.058823529,0,0,0,0,0.25,0,0,0,0,0,0
UNM3,Uninvaded,23-Jul-18,23,Jul,18,Col._6,2018Col._6,0,0,0,0,0,0,0,0,0,0,0,0,0,0,0,0,0,0.001689189,0.01306478,0,0,0.090909091,0,0,0,0,0,0,0,0,0,0,0,0,0.066666667,0,0,0,0,0,0,0,0,0,0,0,0,0,0,0,0,0,1,0.005199307,0.033333333,0,0,0,0.142857143,0,0,0.058823529,0,0,0,0,0,0,0,0,0,0.5,0
UNM4,Uninvaded,23-Jul-18,23,Jul,18,Col._6,2018Col._6,0.014084507,0,0,0,0,0,0,0.5,0,0.2,0,0,0,0,0,0,0,0.000844595,0.010887316,0,0,0,0,0,0.071428571,1,0,0,0.2,0,0,0,0,0.5,0,0,0,0,1,0,0.5,0,0,0,0.181818182,0,0,0,0,0,0,0.5,0,0.679376083,0.633333333,0,0,0,0,0,0,0.529411765,0.012987013,0,0,0,0,0,0,0,0,0,0.090909091
UNM5,Uninvaded,23-Jul-18,23,Jul,18,Col._6,2018Col._6,0.028169014,0,0,0,0,0,0,1,0,1,0,0,0,0,0.5,0,0,0,0.018508438,0,0,0,0,0,0,0.333333333,0.5,0,0,0,0,0,0,0,0,0,0.111111111,0,0,0,0,0,0,0,0,0,0,0,0,0,0,0,1,0.002599653,0.1,1,0,0,0,0,0,0.058823529,0,0.03030303,0,0,0,0,0,0,0,0,0
UNM6,Uninvaded,23-Jul-18,23,Jul,18,Col._6,2018Col._6,1,0,0,0,0,0,0,0,0,0.4,0,0,0,0,0,0,0,0.001689189,0.010887316,0,0,0,0,0,0,0,0,0,0,0,0,0,0,0,0,0,0.444444444,0,0,0,0,0,0,0,0,0,0,0,0,0,0,0,0,0.02339688,0,0,0,0,0.142857143,0.5,0,0,0,0.03030303,0,0,0,0,0,0,0,0,0
UNOW,Uninvaded,23-Jul-18,23,Jul,18,Col._6,2018Col._6,0,0,0,0,0,0,0,0,0,0,0,0,0,0,0,0,0,0.000844595,0.015786609,0,0,0,0,0,0,0,0,0,0,0,0,0,0,0,0,0,0,0,0,0,0,0,0,0,0,0,0,0,0,0,0,0,0,0,0,0,0,0,0,0,0,0,0.025974026,0,0,0,0.25,0,0,0,0,0,0
UNT1,Uninvaded,23-Jul-18,23,Jul,18,Col._6,2018Col._6,0.070422535,0,0,0,0,0.2,0,0,0,0,0.25,0,0,0,0,0,0,0,0.022318998,0.537037037,0,0,0,0,0,0.666666667,0,0,0,0,0,0,0,0,0,0,0,0.125,0.666666667,0,0.25,0,0,0,0,0,0,0,0,0,0,0,0,0,0.033333333,1,0,0,0,0.5,0,0,0,0.060606061,0,0,0,0,0.175438596,1,0,0,0
UNT2,Uninvaded,23-Jul-18,23,Jul,18,Col._6,2018Col._6,0.014084507,0,0,0,0,0,0,0,0,0,0,0,0,0.333333333,0,0,0,0,0.000544366,0.055555556,0,0,0,0,0,0,0,0,0,0,0,0,0,0,0,0,0,0,0,0,0,0,0,0,0,0,0,0,0,0,0,0,0,0,0,0,0,0,0,0,0,0,0,0,0,0,0.25,0,0.087719298,0.03125,0,0,0
UNM2,Uninvaded,23-Jul-18,23,Jul,18,Col.6,2018Col.6,0,0,0,0,0,0,0,0,0,0,0,0,0,0,0,0,0,0,0.038105607,0,0,0,0,0,0,0,0,0,0,0,0,0,0,0,0,0,0,0,0,0,0,0,0,0,0.181818182,0,0,0,0,0,0,0,0,0,0,0,0,0,0,0,0,0,0,0.03030303,0,0,0,0,0,0,0,0,0
